"meth.variation","V1"
0.104709133838315,"cg11738485"
0.092629136082093,"cg00944631"
0.0848854396049584,"cg04131969"
0.0766444257418801,"cg02113055"
0.0751148589913076,"cg08055132"
0.0746952971566601,"cg08103988"
0.0746290667428349,"cg03526459"
0.0746038926191649,"cg01201512"
0.0743124485970574,"cg26536949"
0.0736444386381704,"cg06417478"
0.0714159596596376,"cg27586797"
0.0712921723954652,"cg05528899"
0.0696465302420575,"cg17509989"
0.0692140622289873,"cg18391209"
0.0685974759422468,"cg21139150"
0.068585439270459,"cg24851651"
0.0684147675801329,"cg12036633"
0.0677408997543561,"cg22588144"
0.0668085318060996,"cg08331829"
0.066244341530712,"cg13064658"
0.064618528777438,"cg01778345"
0.0626219986184503,"cg17404449"
0.0623902531335947,"cg03329597"
0.0620045285975943,"cg24506221"
0.0617432044695755,"cg01156747"
0.0607536289094906,"cg04683516"
0.0605598175447295,"cg03226844"
0.0602671819658902,"cg08477332"
0.0593540051732566,"cg07249765"
0.0589315633556245,"cg23804921"
0.0583472588714376,"cg04798314"
0.0581304486977917,"cg05875700"
0.0578863097754826,"cg04657146"
0.0576613863965334,"cg24634471"
0.0575616859873268,"cg00274640"
0.0566808266850922,"cg08779649"
0.056429291321455,"cg19214707"
0.0561351315339118,"cg21358336"
0.0557099379193733,"cg26354017"
0.0555324092396916,"cg00456343"
0.0544970666077159,"cg23899408"
0.0539295659454727,"cg06223162"
0.0539239904003308,"cg26035071"
0.0535678055441445,"cg03651054"
0.053555878128509,"cg19611616"
0.0534371238722332,"cg25755428"
0.052982240770202,"cg06406458"
0.0526074916197905,"cg14159672"
0.0519633049237215,"cg11965913"
0.0518949551122143,"cg16006841"
0.0508039509989177,"cg18110333"
0.0507875027214815,"cg13862711"
0.0504490321738436,"cg16814680"
0.0503206128496791,"cg01153376"
0.049418883118261,"cg04090468"
0.0486149775550463,"cg09352518"
0.0482387318348451,"cg24686902"
0.0479757261135033,"cg17178900"
0.0477768231331864,"cg14856563"
0.0463085420389059,"cg11424828"
0.0463029319744104,"cg17294865"
0.045987483789549,"cg14911689"
0.0458663774175647,"cg26654770"
0.0458654354567777,"cg24503407"
0.0458500862833153,"cg15982117"
0.0453557723232361,"cg04546413"
0.0452711223256187,"cg15668967"
0.0447691700957735,"cg08750459"
0.0432134518565374,"cg13944838"
0.0430180524225297,"cg14893161"
0.0426621978933799,"cg06675417"
0.0426440677233982,"cg20485607"
0.0425605280118474,"cg09549987"
0.0422692422177267,"cg04282082"
0.0419083992047351,"cg24853868"
0.0417815613226816,"cg15652532"
0.0415530915615093,"cg22459517"
0.0413986120568787,"cg26764761"
0.0413830369121657,"cg06060754"
0.0410057608018507,"cg06864789"
0.0409582357918865,"cg05995465"
0.0409351103795536,"cg18105134"
0.0408846947443454,"cg07796016"
0.040795874771466,"cg24088508"
0.0405967447753248,"cg00028022"
0.0404346032889356,"cg08265274"
0.0402907993026156,"cg01483656"
0.0400471682071666,"cg16474696"
0.0400258782604767,"cg14227325"
0.0398356457648533,"cg02891314"
0.0393444940651175,"cg12031275"
0.0393300415802037,"cg10596483"
0.0392750546920685,"cg04248279"
0.0392504726367429,"cg21594961"
0.0392307095066224,"cg07167872"
0.0392299826597596,"cg25340688"
0.0389245854361304,"cg24796644"
0.0387287043659368,"cg26328633"
0.0387281681571237,"cg01097406"
0.0386020954812366,"cg03188948"
0.0384055887042296,"cg07134666"
0.0382957584024112,"cg26220594"
0.0380440072711699,"cg08269402"
0.037899254800595,"cg05280794"
0.0377547613584984,"cg11247378"
0.0373477533980779,"cg11012412"
0.0372269146133621,"cg22968622"
0.0371461245691741,"cg07314988"
0.0371336777169146,"cg10296238"
0.0368421194207603,"cg17052675"
0.036166880298759,"cg15019001"
0.0359935590490938,"cg08820231"
0.0358271386065368,"cg23758822"
0.0357672227159861,"cg26882525"
0.0355355205412771,"cg06536614"
0.0353638526537639,"cg05896524"
0.0353110300008213,"cg19637330"
0.0352108027770552,"cg16744531"
0.0350791323357471,"cg19754622"
0.0350352890116315,"cg23248424"
0.0349190909420798,"cg18402987"
0.034851863724003,"cg14168080"
0.034810153825979,"cg21548813"
0.0346969228847324,"cg10568066"
0.0346861114250218,"cg04955116"
0.0346571746185069,"cg07157030"
0.0346228826207693,"cg01324343"
0.0345814150155866,"cg13835168"
0.0345331070181174,"cg03938978"
0.0344770346595024,"cg17221813"
0.0343912073938474,"cg13830619"
0.0342584329607908,"cg15570656"
0.0342369552149011,"cg03738707"
0.0342143657249069,"cg23649088"
0.0341838148593717,"cg18232235"
0.0341244572337208,"cg04481923"
0.0341120029267167,"cg18705301"
0.0341067058459049,"cg08944170"
0.033990762600606,"cg17220055"
0.0339591227747034,"cg07158503"
0.0337704265394817,"cg01996567"
0.0335778432918965,"cg18786623"
0.0334542150657852,"cg15532640"
0.0333511087400424,"cg15383120"
0.0332292465382063,"cg13081526"
0.0331998891363681,"cg00274965"
0.0331306475555016,"cg22111694"
0.0329797596764009,"cg13874425"
0.0328671461322399,"cg23221052"
0.0328124673457434,"cg02398342"
0.0328048984339089,"cg09035930"
0.0327814198684637,"cg22443212"
0.0327306410081282,"cg21847720"
0.0326823733618287,"cg03748376"
0.0326025622017178,"cg16293892"
0.0325615102154294,"cg25243082"
0.0324837137506494,"cg15465743"
0.0324422527612463,"cg07180897"
0.0323113168248704,"cg03393996"
0.0321919240316156,"cg19089141"
0.0321142565798058,"cg06712767"
0.0320295445544363,"cg20409752"
0.0319366489513003,"cg00124993"
0.0319361811865846,"cg23066280"
0.0318827891025269,"cg07044115"
0.0317448322195636,"cg01132407"
0.0316693503756027,"cg14240646"
0.031592471849597,"cg13077366"
0.0315200016947609,"cg04554929"
0.0314721647363282,"cg08899523"
0.0314323173317276,"cg24100841"
0.0313772365297997,"cg18136963"
0.0313604151144617,"cg07376282"
0.0312870904335726,"cg01053087"
0.0312161119711862,"cg09584650"
0.0312103263985046,"cg05276469"
0.0311899833291957,"cg11949518"
0.0311242933254757,"cg19596870"
0.0311186078977584,"cg20507276"
0.0311149200135663,"cg18522231"
0.0310090463635909,"cg14983838"
0.0309972628383747,"cg12310025"
0.0309251047058867,"cg13768055"
0.0308828034724761,"cg09399716"
0.0308740912098954,"cg14279361"
0.0308535505638715,"cg14023020"
0.0308477410376032,"cg21158163"
0.0308407520528436,"cg03363289"
0.0307996188993005,"cg00901687"
0.0307957290035296,"cg11939300"
0.0307830487483186,"cg04043455"
0.0307641768355181,"cg06205333"
0.0307536989822889,"cg02270332"
0.0305588757794611,"cg02159489"
0.0303399405979004,"cg20386487"
0.0303191081662087,"cg20293942"
0.0302252057214787,"cg11979743"
0.0302236390844179,"cg04181038"
0.0302051958368372,"cg25545878"
0.0301677924516668,"cg18771300"
0.0300572423638966,"cg26893861"
0.0300445572107906,"cg02938172"
0.0299779411469314,"cg03395511"
0.0299773817037674,"cg10317314"
0.0299187668421164,"cg13401893"
0.029908221778752,"cg15279541"
0.0298852777930592,"cg09827761"
0.0298808540862684,"cg13571460"
0.0298781126024584,"cg27436995"
0.0297916794535619,"cg10909185"
0.0296976083151007,"cg18805164"
0.0296913566924022,"cg16653991"
0.0296467529638349,"cg09232555"
0.0295733474435915,"cg18918831"
0.0295471464357085,"cg04737881"
0.029528695366943,"cg16906346"
0.0294289481996276,"cg26371957"
0.0292190156573077,"cg19876987"
0.0292065577586225,"cg11608150"
0.0291446683109664,"cg02299497"
0.0291351338762923,"cg07356745"
0.0291307350477013,"cg16301894"
0.0291179848328967,"cg11383134"
0.0290717172588467,"cg25830305"
0.0290394380371973,"cg26913058"
0.029030791853453,"cg22635676"
0.0289649681340865,"cg03830006"
0.0288967810655812,"cg11787167"
0.0287794673633341,"cg23491743"
0.0287370700596764,"cg27141850"
0.0286848010942664,"cg05372444"
0.0285282469364645,"cg06118351"
0.0285247015338692,"cg05194426"
0.0283985820078585,"cg11062466"
0.0283371333310735,"cg14687298"
0.02825281393322,"cg01238044"
0.0281909401708292,"cg11076954"
0.0281429710185886,"cg19128026"
0.0281195199493517,"cg19778375"
0.028100982692169,"cg20053110"
0.0280837584829987,"cg12633154"
0.0280138092106628,"cg00157199"
0.0280026502777701,"cg15971518"
0.0279770353277603,"cg13148921"
0.0278999100737155,"cg05547895"
0.0278742673858601,"cg01630032"
0.0278252732957268,"cg14167415"
0.0277997277114068,"cg03787837"
0.0277781555360427,"cg19978674"
0.0277421573606284,"cg03449857"
0.0276890245613695,"cg21123519"
0.0276769469934165,"cg18678645"
0.0276709548686663,"cg26027669"
0.0276636689966604,"cg16615357"
0.0276588616642487,"cg15145296"
0.0275845578286386,"cg16761754"
0.0274506148103458,"cg14780466"
0.0274320814617497,"cg03849834"
0.0274257032781245,"cg26094651"
0.027357345440573,"cg03299990"
0.0273474349955319,"cg02219949"
0.0273455546832916,"cg19181528"
0.0273383987802719,"cg05030953"
0.0272991354725197,"cg12016809"
0.0272343043101796,"cg21177396"
0.0271734407791702,"cg01079515"
0.0271657177755077,"cg12011299"
0.0271653931020971,"cg07382347"
0.0270718886657684,"cg03447554"
0.0270496238263948,"cg12744031"
0.0270284822267375,"cg15595755"
0.0269953229220833,"cg17658113"
0.0269906845037237,"cg11059159"
0.0269744078380877,"cg20228636"
0.0269599576660087,"cg16106427"
0.0269391926003743,"cg03198009"
0.0268946083449987,"cg12251126"
0.0268758321029398,"cg04520169"
0.0268308744781737,"cg17611936"
0.0268205146275071,"cg05353869"
0.0267567554216118,"cg26896946"
0.0267504123686413,"cg05834845"
0.0265945122293728,"cg04346459"
0.0263701719874175,"cg21469772"
0.0262381762289656,"cg23681866"
0.0261340346343445,"cg16034541"
0.0260507086273983,"cg00101154"
0.0260474724583668,"cg05481257"
0.0260041843592547,"cg20415053"
0.0259702998921793,"cg11045746"
0.0259037227222017,"cg05200811"
0.0258347495438087,"cg20503657"
0.0258341134855472,"cg02872767"
0.0257980058615078,"cg08164151"
0.0257591457075364,"cg13111532"
0.0257046815800169,"cg12756686"
0.0256582836694955,"cg18797653"
0.0256528750936413,"cg10148932"
0.0254940769461284,"cg06546677"
0.0254899886790402,"cg17118775"
0.0254631826742628,"cg07234876"
0.0254571004138831,"cg22676075"
0.0253314733804221,"cg19142181"
0.0252440740705636,"cg26121931"
0.025226248322997,"cg25303761"
0.0251752847977576,"cg07747299"
0.0251483220186852,"cg21109666"
0.0251149436985141,"cg08829299"
0.0251141890967122,"cg12196389"
0.0250816468796364,"cg19665696"
0.0250255590466903,"cg01819759"
0.0250083788938437,"cg19938535"
0.0250076834673889,"cg15806569"
0.0249885719528011,"cg27074582"
0.0249782927408802,"cg15793258"
0.0249567706356954,"cg04354002"
0.0249179458164976,"cg19418458"
0.0248731345299996,"cg03086067"
0.0248161977341265,"cg04028570"
0.0248115141892159,"cg23284931"
0.0247544595643953,"cg10604476"
0.0246189594407944,"cg13752114"
0.0246162423674662,"cg15059639"
0.024613236335124,"cg04633141"
0.0245904391692357,"cg03461641"
0.0245646074596493,"cg18228590"
0.0244831100777281,"cg08260406"
0.0244816193167161,"cg10075506"
0.0244127142896358,"cg10930308"
0.0243784669711752,"cg23174406"
0.024366315479783,"cg01620164"
0.0243390101797059,"cg01062020"
0.0243248173261915,"cg07332563"
0.0243045580690448,"cg00791851"
0.0242729406819428,"cg08422420"
0.0242088074237114,"cg18200150"
0.0241967405882211,"cg24467349"
0.0241650995768219,"cg22325292"
0.0240975805045049,"cg17416644"
0.0239948858640266,"cg02567750"
0.0239868538270117,"cg26472636"
0.0239854820595675,"cg22082780"
0.0238421555277223,"cg11343894"
0.0238279667978367,"cg09888468"
0.0237832956290139,"cg02964324"
0.0237593765379202,"cg10582608"
0.0237582634740492,"cg21724239"
0.0237454723303112,"cg16079430"
0.0237353167071163,"cg17292337"
0.0237241869830537,"cg07952421"
0.0237017142156172,"cg09976142"
0.023657478028462,"cg21036194"
0.0236563171122942,"cg06221963"
0.0236520917211809,"cg20923605"
0.0236145496046231,"cg05401945"
0.0236022567379133,"cg13626582"
0.0235396741604083,"cg03686964"
0.0235170247610549,"cg00321709"
0.0235073680409243,"cg23958373"
0.0234451013258318,"cg09660878"
0.0234002091095454,"cg04863005"
0.0233121938692521,"cg20891558"
0.0233060915107123,"cg00325531"
0.0232685851158539,"cg25498107"
0.0231998229759168,"cg10590925"
0.0231787282137696,"cg05890377"
0.0231765449805311,"cg04082016"
0.023171332126142,"cg13498757"
0.0231534784095884,"cg26597838"
0.023152672393838,"cg27573991"
0.023009450433,"cg24838316"
0.0230033018473067,"cg26668828"
0.0229599354532463,"cg17749961"
0.0228756208967424,"cg21950155"
0.0228330099110571,"cg03623568"
0.022813640072346,"cg09483595"
0.0227511523746276,"cg01821018"
0.0227227015913232,"cg07021052"
0.0227143538949382,"cg14341177"
0.0226758326817686,"cg14464133"
0.0226496197016164,"cg09122588"
0.0226427915208144,"cg08219700"
0.0226227611564202,"cg13499318"
0.0225636617113026,"cg02459042"
0.0225536597927513,"cg20744163"
0.0225054909529286,"cg16885113"
0.0224969920625186,"cg09937190"
0.0224818725573406,"cg17313483"
0.0224587418193108,"cg05825244"
0.022415271870468,"cg13207630"
0.0224106954236046,"cg16322792"
0.0223846140627538,"cg19148731"
0.0223824981557074,"cg15415945"
0.0223693277258579,"cg20088245"
0.0223577448839922,"cg07075026"
0.0223210937318481,"cg24693760"
0.0223131746791017,"cg06201514"
0.0223074822477525,"cg02331830"
0.0222940904947968,"cg12751644"
0.0222885432458037,"cg00413089"
0.0222781600742847,"cg07974504"
0.0222759220992239,"cg19142026"
0.0222653568717256,"cg21862353"
0.0222627647135631,"cg08745965"
0.0221991284994849,"cg23024343"
0.0221638276572588,"cg13185413"
0.022122212326466,"cg01286930"
0.0221158047254865,"cg21550804"
0.022100938614108,"cg14161159"
0.0221001197119767,"cg19572051"
0.0220697878168205,"cg22992730"
0.0220658607637413,"cg00923880"
0.0220358758745214,"cg21609526"
0.0220305174747895,"cg08010094"
0.0219908379975573,"cg02352685"
0.0219900845379651,"cg27423959"
0.0219684399015976,"cg12319143"
0.0219510062106114,"cg20927656"
0.0219438109407235,"cg00255919"
0.0219192998812387,"cg13375589"
0.0219152339902699,"cg10645648"
0.0218362456020407,"cg16781264"
0.0218291631763748,"cg05493407"
0.0218093477451334,"cg18850127"
0.0217995832664398,"cg25210835"
0.0217760146792145,"cg01290755"
0.0217260019731727,"cg10864200"
0.0217140444145109,"cg05785424"
0.0216400475267706,"cg26347887"
0.0216384202443435,"cg25824218"
0.0216277991611664,"cg05122437"
0.0216052820608382,"cg11146691"
0.0215694101815542,"cg13315147"
0.0215688389462383,"cg20540428"
0.0215605683754285,"cg07285237"
0.021540912240892,"cg22238209"
0.0215311907439774,"cg12648811"
0.0215207107867472,"cg23400446"
0.0215041190979817,"cg03264133"
0.0214959513200878,"cg05425699"
0.02148681794746,"cg15123087"
0.0214111250429323,"cg05828893"
0.0214061063859207,"cg04653913"
0.0213658241820266,"cg05064044"
0.0213542972739756,"cg02873954"
0.0213528432442444,"cg06562718"
0.0213322023392091,"cg02981003"
0.0213234820038257,"cg24680439"
0.0212909597831234,"cg21526238"
0.0212848529170154,"cg05457730"
0.0212530144679262,"cg03343571"
0.0212363534107474,"cg13943068"
0.0212181075588468,"cg01741372"
0.021186778674873,"cg18280909"
0.021113491542952,"cg06926377"
0.0211012946594535,"cg08714590"
0.0210971938694408,"cg09279736"
0.0210778137380164,"cg17857094"
0.0210445954498835,"cg27366766"
0.0210399217217277,"cg22730047"
0.0210336227429615,"cg01412970"
0.0209968871934819,"cg21434132"
0.0209779232019096,"cg25399239"
0.0209692161735861,"cg03517284"
0.0209586880241164,"cg11235426"
0.0209473795805328,"cg02331910"
0.020938547318947,"cg26964592"
0.0209333236564803,"cg21862992"
0.0209261192113537,"cg16440561"
0.0209107019442542,"cg06618935"
0.0208977912315075,"cg02275226"
0.0208889394581856,"cg07700233"
0.0208338829258375,"cg25267487"
0.0208294920884593,"cg11766577"
0.020801170379908,"cg12717203"
0.0207846145652825,"cg16682227"
0.0207722549888915,"cg14773178"
0.0207293763944084,"cg23246911"
0.0207152322139757,"cg27171569"
0.0207123185190532,"cg11388673"
0.0206827982050012,"cg12738763"
0.0206655830134941,"cg05406088"
0.0206640811748979,"cg17696517"
0.020637928898673,"cg14964336"
0.0206188290762321,"cg10523679"
0.0206113313690804,"cg09768983"
0.0206046725568831,"cg03128011"
0.0205678733982573,"cg10144400"
0.0205197332212539,"cg08642068"
0.0205124540882154,"cg17240725"
0.0205077930686659,"cg04811114"
0.0205039142930229,"cg27244972"
0.0205001377192195,"cg20356878"
0.0204981093306435,"cg06060522"
0.0204811106275796,"cg24690094"
0.0204626731398962,"cg05740244"
0.0204487009538503,"cg06329735"
0.0204135882330894,"cg06394109"
0.0204045433460822,"cg25277809"
0.0204038860807792,"cg10044179"
0.0203870561564669,"cg26099834"
0.0203497027994059,"cg08206881"
0.0203035171105447,"cg06545389"
0.0202979594504768,"cg08922308"
0.0202717792613804,"cg02691506"
0.0202492435005435,"cg02707854"
0.0201789693246162,"cg20356637"
0.0201681469489305,"cg16496269"
0.0201671380609149,"cg04850017"
0.020142800805481,"cg19469447"
0.0201329510093045,"cg10486069"
0.0200882395104732,"cg14188106"
0.0200690508830364,"cg07629776"
0.0200608567271239,"cg12000995"
0.0200453779784042,"cg05856321"
0.0200353898753727,"cg05130482"
0.0200112110103874,"cg04124606"
0.0199739143518231,"cg19383211"
0.0199356278516414,"cg08742575"
0.0199265830454233,"cg08895590"
0.0198973471749242,"cg01066472"
0.0198963080637497,"cg21144063"
0.0198104570896977,"cg11594160"
0.0197888093656805,"cg25110423"
0.0197789065517482,"cg01479768"
0.0197737503379919,"cg01074767"
0.0197679550974138,"cg01971667"
0.0197671941594133,"cg22259797"
0.0197507139492823,"cg03751055"
0.0197505420535426,"cg05082466"
0.0197489612621704,"cg00807871"
0.0197196291523782,"cg00588198"
0.0196989968263563,"cg05795005"
0.0196351976781642,"cg12950816"
0.0196109967949768,"cg13308137"
0.0196056394100296,"cg00815399"
0.0195906463462352,"cg23896850"
0.0195393778617443,"cg02769477"
0.0195120295591133,"cg18803147"
0.0194955483587933,"cg03161606"
0.0194762107736873,"cg24246628"
0.0194738514660561,"cg11799593"
0.0194535892723112,"cg14373797"
0.0194482985807814,"cg07876788"
0.0194210601857785,"cg08033130"
0.019414347703763,"cg08762424"
0.0194016238294757,"cg09381666"
0.0193242684573672,"cg15506703"
0.0193085099227407,"cg15837280"
0.0192949504449582,"cg26720545"
0.0192698912188296,"cg08993878"
0.0192593037379111,"cg13750264"
0.0192488524763891,"cg10833066"
0.0192478182032365,"cg11066601"
0.0192209491692598,"cg23878260"
0.019214122867124,"cg15837308"
0.0191838235498255,"cg19196401"
0.019178036951124,"cg18727742"
0.019171194010441,"cg07157834"
0.0191642303652534,"cg08242633"
0.0191606625095041,"cg03272499"
0.0191601796334431,"cg11946459"
0.0191130128472751,"cg15436354"
0.0190864024481795,"cg11445109"
0.0190833854913012,"cg22133704"
0.0190769734097989,"cg15135176"
0.0190749331213728,"cg02291365"
0.0190729252351161,"cg13012494"
0.0190649978602538,"cg00101728"
0.0190556197703816,"cg21645759"
0.0190488008661185,"cg23549902"
0.0190405169136732,"cg01017244"
0.0190318447171235,"cg10261205"
0.0190197030347309,"cg21160290"
0.0189999733422962,"cg20022036"
0.0189920248416154,"cg13732083"
0.0189678794584503,"cg15498409"
0.0189442421550814,"cg25459280"
0.0189155486327757,"cg00035636"
0.018889962764688,"cg24536782"
0.0188722029830932,"cg09841842"
0.0188612981185697,"cg06777732"
0.0188605960721338,"cg06791446"
0.0188350613303845,"cg27286337"
0.0188106433208026,"cg11969330"
0.0187618638126862,"cg05373962"
0.0187377014741364,"cg07524919"
0.018734596202695,"cg25828445"
0.0187000777420542,"cg10313151"
0.0186971108353387,"cg23299919"
0.018694701575987,"cg01359822"
0.0186937983120569,"cg20456258"
0.0186759908330554,"cg06679270"
0.0186709684426105,"cg21484985"
0.0186504853369663,"cg06825163"
0.018648088669049,"cg08222618"
0.0186277922324042,"cg05004142"
0.0186255715578569,"cg00607058"
0.0186198075951692,"cg05636467"
0.0186143808482486,"cg16080552"
0.0186048983955611,"cg12893697"
0.0185924160832628,"cg23876203"
0.0185918918859185,"cg02750262"
0.0185884944128788,"cg10411146"
0.0185866032104311,"cg21158431"
0.0185836392367173,"cg21717724"
0.0185581098598238,"cg06653507"
0.0185518637250425,"cg08562672"
0.0185507228962909,"cg12682382"
0.0185355690023004,"cg21242009"
0.0185105040677834,"cg15549821"
0.0185065054638098,"cg20814179"
0.0184929268386251,"cg18566515"
0.0184905450805882,"cg10950924"
0.0184842099587488,"cg26748794"
0.0184719414628671,"cg12119625"
0.0184630626056995,"cg06611532"
0.018458841362481,"cg21138405"
0.0184544741104977,"cg00112952"
0.0184497898367668,"cg04395153"
0.018432265486516,"cg26227225"
0.0184282899575439,"cg22875332"
0.0184270475990983,"cg03151810"
0.0183936010045213,"cg20057198"
0.0183632045779891,"cg27105123"
0.018338599325506,"cg15016740"
0.0183311089433347,"cg09351881"
0.0183224980384769,"cg02676175"
0.018296789866685,"cg01580340"
0.0182965441596963,"cg27266060"
0.0182789220454083,"cg20201270"
0.0182741825668993,"cg16702083"
0.0182667443582043,"cg03071500"
0.0182593629589864,"cg06249604"
0.0182526124446052,"cg09419670"
0.0182473984941408,"cg26038582"
0.0182110636967843,"cg12889195"
0.0182056713541852,"cg25414537"
0.0182015041626753,"cg05017628"
0.018200972800457,"cg22480875"
0.0182006225785668,"cg21167402"
0.0181670771629899,"cg11885357"
0.0181319684611935,"cg24591913"
0.0181167574808545,"cg08693745"
0.0181046078931673,"cg26476930"
0.0180909348199827,"cg19544767"
0.0180867121270088,"cg08877853"
0.01808001536442,"cg12954512"
0.0180788159005073,"cg08240917"
0.0180407586757765,"cg15201545"
0.0180310221821706,"cg08133631"
0.0180296779666716,"cg05575921"
0.0180040368750842,"cg16958467"
0.0179977786810787,"cg09858108"
0.0179912215439522,"cg21585512"
0.0179876363143416,"cg17674042"
0.0179814640915974,"cg11240062"
0.0179674891732773,"cg16749629"
0.0179463772728018,"cg00290607"
0.0179430704329655,"cg06478886"
0.0179337797132679,"cg10970349"
0.0179082728502904,"cg08584759"
0.0179062972076196,"cg03923277"
0.017897100737366,"cg06437840"
0.0178760894860193,"cg13298116"
0.0178750071612815,"cg10277872"
0.0178663585030506,"cg02486855"
0.0178646560376492,"cg19729930"
0.0178643762599135,"cg03904042"
0.0178628927503758,"cg13220290"
0.0178499009870884,"cg06755596"
0.0178218456068316,"cg23731272"
0.0177935676573296,"cg15332217"
0.0177885104103779,"cg27353899"
0.0177871907460668,"cg13105599"
0.0177858515122301,"cg02872426"
0.0177840579860065,"cg08681904"
0.0177837467456007,"cg01124132"
0.0177816640581236,"cg00169354"
0.0177675585470606,"cg02096172"
0.0177629922072559,"cg11747594"
0.0177568995595927,"cg10440639"
0.0177528797793811,"cg07185983"
0.0177417239529892,"cg09812376"
0.0177296580608906,"cg01410316"
0.0177289403997262,"cg12537405"
0.0177287298690202,"cg10071929"
0.0177279177573014,"cg04083966"
0.0177165588267844,"cg00809820"
0.0177113015455878,"cg23779604"
0.0177099218603195,"cg00299286"
0.0177048721981944,"cg14079463"
0.0176915878076669,"cg20302533"
0.0176870330562418,"cg15948536"
0.0176719270313445,"cg01516887"
0.0176516403249329,"cg01458105"
0.0176416231934579,"cg23075597"
0.0176203190819705,"cg04996388"
0.0176191792704803,"cg20433858"
0.0175988497789023,"cg13679714"
0.0175740289758111,"cg26865747"
0.0175468148824364,"cg23084506"
0.0175450819856722,"cg02407415"
0.017530556475589,"cg05388281"
0.017510436161834,"cg03028786"
0.0175059355153256,"cg24668570"
0.0174966962022894,"cg03455316"
0.017493276302708,"cg00898013"
0.0174913347783588,"cg10491080"
0.0174653228477291,"cg24840300"
0.0174460209169165,"cg00947782"
0.0174305607509107,"cg06713675"
0.0174250139184179,"cg22620746"
0.0174137362175186,"cg02722613"
0.0173953631296457,"cg21650737"
0.0173876001334897,"cg12672189"
0.0173660434662516,"cg10143960"
0.0173647697339915,"cg16834823"
0.0173634750839384,"cg17165241"
0.0173562780325017,"cg08291996"
0.0173522094060845,"cg09978860"
0.017343860587827,"cg09074113"
0.0173399985142906,"cg17221856"
0.0173398384517241,"cg26347746"
0.017339046948246,"cg00872984"
0.0173195696585724,"cg13746813"
0.0172836562270925,"cg16572876"
0.0172714374194282,"cg15550113"
0.0172281991070306,"cg00304520"
0.017201785383801,"cg20731937"
0.0171940707970011,"cg06574296"
0.0171915822902401,"cg27284194"
0.0171826791205949,"cg17501823"
0.0171778002106487,"cg05073382"
0.0171456764223997,"cg21819984"
0.0171374750125717,"cg20982046"
0.0171366571298484,"cg03834411"
0.0171330106582815,"cg19623624"
0.0171111380827263,"cg23963229"
0.0171039336011093,"cg09359103"
0.0170849990038518,"cg14485877"
0.017082416364392,"cg08861456"
0.0170796707452585,"cg24652615"
0.0170770820554879,"cg16528597"
0.0170537762566826,"cg07040013"
0.0170185577125183,"cg25641451"
0.017012280730936,"cg05256605"
0.0169984238311569,"cg02210151"
0.0169910333012955,"cg22785556"
0.0169750735840995,"cg17737388"
0.0169350286870491,"cg27119456"
0.0169207608312617,"cg19815989"
0.016919179388275,"cg01992382"
0.0169188925575517,"cg23118561"
0.0169125773036878,"cg26749518"
0.016906901747507,"cg01754525"
0.0169038303746336,"cg23627948"
0.0168951976928347,"cg17330251"
0.0168936341329623,"cg17566325"
0.0168836496512007,"cg00347798"
0.016862279148429,"cg10365886"
0.0168584135784377,"cg27633287"
0.0168553803811802,"cg25052156"
0.0168461402739208,"cg25731401"
0.016845792060279,"cg06211550"
0.0168443443911201,"cg25345738"
0.0168383242561743,"cg09512891"
0.0168372458509204,"cg01273330"
0.016831465762324,"cg19867917"
0.0168274871884724,"cg05280698"
0.0168238097602008,"cg00748494"
0.0168185380604287,"cg13746854"
0.0168184662404475,"cg03054684"
0.0168056064437024,"cg10079374"
0.0167964102262791,"cg25271479"
0.0167899593339503,"cg12002139"
0.0167871569982813,"cg17429870"
0.0167780312503381,"cg09417038"
0.0167674861518396,"cg04060356"
0.016766173266276,"cg04954225"
0.0167626410113614,"cg06715136"
0.0167610384234214,"cg13704680"
0.0167583269427611,"cg14560110"
0.0167081794556995,"cg20141578"
0.0166970738884637,"cg09252806"
0.0166928848841246,"cg04287574"
0.0166906974739508,"cg02649063"
0.0166876131331809,"cg06589596"
0.0166739390270049,"cg26074100"
0.0166730161940087,"cg16667508"
0.0166662784406957,"cg16970850"
0.0166435490918782,"cg12870014"
0.0166414464094423,"cg04179952"
0.0166379011486078,"cg13946767"
0.0166212201054486,"cg17395555"
0.0166099557260668,"cg04218760"
0.0166053570269264,"cg02770061"
0.0165900710599857,"cg15975750"
0.0165748209559108,"cg12906381"
0.0165670945587939,"cg26715042"
0.0165534238276529,"cg03972071"
0.0165088666675554,"cg03635442"
0.0165057439454871,"cg10280035"
0.0164880349416191,"cg09712682"
0.0164829368340051,"cg00785941"
0.0164684084618754,"cg12099423"
0.0164672674314502,"cg07286216"
0.0164615331511344,"cg08471713"
0.016437963633485,"cg11404532"
0.0164303598243296,"cg12064373"
0.0163986303098953,"cg16875032"
0.0163710874777972,"cg18451016"
0.0163684444089678,"cg01588581"
0.0163317634603299,"cg00209612"
0.0163271041805368,"cg08923669"
0.0163205789153111,"cg22857963"
0.0163195268619231,"cg07044859"
0.0163046291486227,"cg05187965"
0.0162992945647509,"cg09501821"
0.0162992050225382,"cg13462158"
0.0162980772811677,"cg14762436"
0.0162940748788351,"cg13399903"
0.0162831260350599,"cg16672562"
0.0162774044159383,"cg16730716"
0.0162740908109582,"cg27326062"
0.0162738696503395,"cg09704166"
0.0162708666393464,"cg03063057"
0.0162674032439425,"cg27048067"
0.0162575023594085,"cg07676361"
0.0162509422193774,"cg15146462"
0.0162325057681422,"cg09798888"
0.0162305669565451,"cg16557370"
0.0162251490455759,"cg18128536"
0.0162136445851258,"cg14417784"
0.0162100916257978,"cg22494932"
0.0162072380099239,"cg04985582"
0.0162053822005896,"cg00994804"
0.0162048401308753,"cg20862860"
0.0162002478093039,"cg05122082"
0.0161946794450363,"cg00430613"
0.0161583726508432,"cg00123128"
0.0161373089916259,"cg01818594"
0.0161239327270881,"cg06636485"
0.0161217572468008,"cg20007021"
0.0161142066878673,"cg01808030"
0.0161083098025542,"cg10923662"
0.0161035667290913,"cg00495303"
0.0161031986683229,"cg15848685"
0.0160938676064128,"cg03433033"
0.0160839741849026,"cg22258600"
0.0160818526840331,"cg06627617"
0.0160609412927446,"cg14583973"
0.0160584046522685,"cg01232138"
0.0160526044421711,"cg02267270"
0.0160473598411058,"cg10960055"
0.0160362252356185,"cg10157098"
0.0160325752014206,"cg18838701"
0.016028928489072,"cg06531573"
0.0160283400263018,"cg07341007"
0.0159909556410402,"cg20744362"
0.0159880321148401,"cg15074709"
0.0159878654034142,"cg24754223"
0.0159679233230693,"cg21224286"
0.0159575541898873,"cg14574489"
0.0159332888068197,"cg11440486"
0.0159324328847795,"cg12754571"
0.0159266653350208,"cg15690347"
0.0159229071650587,"cg03644281"
0.0159054093837746,"cg23961843"
0.015896691956131,"cg13565129"
0.0158904332799733,"cg08509907"
0.0158888983080076,"cg11287055"
0.0158879553833682,"cg22425860"
0.0158753877022505,"cg13330868"
0.0158600513439752,"cg24441899"
0.0158569027385638,"cg14503564"
0.015854667113509,"cg26173375"
0.0158496331024027,"cg16820615"
0.0158367877576069,"cg22992772"
0.0158200607540736,"cg15212455"
0.015811021976811,"cg16773067"
0.0157808762601924,"cg27572370"
0.0157692320987295,"cg14395298"
0.0157690484566219,"cg01874867"
0.0157528673306611,"cg13132497"
0.0157509714704223,"cg08835041"
0.015743644971347,"cg01516881"
0.0157351929093964,"cg27535677"
0.0157291992543931,"cg02224314"
0.0157269859404141,"cg24702069"
0.0157233238193085,"cg06064525"
0.0157170748203194,"cg08767686"
0.0157107583215341,"cg00308130"
0.0156860757366825,"cg07972762"
0.0156634989435692,"cg06928484"
0.0156619308596394,"cg01283332"
0.0156611806276629,"cg14659662"
0.0156584649813867,"cg00083206"
0.0156473295665214,"cg00631329"
0.0156400433945461,"cg13684807"
0.0156101189537729,"cg10862468"
0.0156077072039085,"cg01171360"
0.0155980996598458,"cg14667685"
0.0155840792835569,"cg05852568"
0.0155839247052271,"cg18075691"
0.0155744368764663,"cg13736514"
0.0155660303826256,"cg17529386"
0.0155576538443492,"cg09080788"
0.0155291828746158,"cg09329516"
0.0155174944264964,"cg22034735"
0.0155167573295042,"cg01601518"
0.0154729009856256,"cg13963044"
0.0154725595961444,"cg14024893"
0.0154707784897133,"cg05563515"
0.0154656222008553,"cg12648201"
0.0154617775061943,"cg15708526"
0.0154610349282879,"cg14372705"
0.0154606182240295,"cg27601169"
0.0154527548228761,"cg08419873"
0.015449263380022,"cg00867835"
0.0154447226073109,"cg14029206"
0.0154446039903551,"cg16729283"
0.0154227674782245,"cg11945929"
0.0153993049465106,"cg17099656"
0.0153939146233051,"cg25034424"
0.0153893457123557,"cg20846728"
0.0153840923805748,"cg19530168"
0.01537400087741,"cg24833027"
0.0153699306629084,"cg15727583"
0.0153662629518274,"cg26146732"
0.0153607418365769,"cg23549331"
0.0153544923667816,"cg21550016"
0.0153483241973008,"cg16593333"
0.0153387228690952,"cg16078521"
0.015331872514817,"cg07509935"
0.0153307870070525,"cg24033633"
0.0153197758323594,"cg00986825"
0.0153085961967744,"cg13590055"
0.0153030264972263,"cg14418922"
0.0152884176407473,"cg12746557"
0.0152818157433408,"cg21167269"
0.0152242498258035,"cg02720155"
0.0152231456428577,"cg07755735"
0.0152210076157489,"cg26504421"
0.0152142386405485,"cg11067829"
0.0152140903362507,"cg24617313"
0.0152065530131098,"cg08564027"
0.0151971158448584,"cg10070864"
0.0151755363978476,"cg21482265"
0.0151724312517502,"cg16590643"
0.0151718828886449,"cg23099839"
0.015155040453432,"cg23280506"
0.0151548696645631,"cg12477880"
0.0151428579611343,"cg17018201"
0.0151394303311708,"cg10501210"
0.015135131623957,"cg06588556"
0.0151343289653074,"cg08410878"
0.0151315688223906,"cg16273546"
0.0151310712710318,"cg03475776"
0.0151126888480544,"cg26944245"
0.0151092313128047,"cg21139639"
0.0150961732632421,"cg05267394"
0.0150728210031989,"cg02586212"
0.0150704305691583,"cg24478129"
0.015062941688064,"cg01470456"
0.0150622758394578,"cg10098373"
0.015054354310557,"cg04758026"
0.0150472015778189,"cg02621636"
0.0150430315504709,"cg11872966"
0.0150398797606962,"cg24508426"
0.015037487070061,"cg11553311"
0.0150264694394597,"cg04076766"
0.0150264687683529,"cg10135260"
0.0150262249948841,"cg19078123"
0.0150223553338065,"cg03116837"
0.0150140488509565,"cg02143936"
0.0149987348094679,"cg24530489"
0.0149971487947961,"cg18346412"
0.014993472442252,"cg16279088"
0.0149897346683166,"cg09044981"
0.0149860293119883,"cg14419141"
0.0149848200464616,"cg13126279"
0.0149845998610819,"cg16836250"
0.0149786771105925,"cg26986681"
0.0149747516818078,"cg26287080"
0.0149675643141235,"cg17215151"
0.0149511237113803,"cg10871120"
0.0149352504744496,"cg22700015"
0.0149337451856536,"cg01903420"
0.0149289378197031,"cg13918804"
0.0149210439268479,"cg22718636"
0.0149203516179733,"cg03142697"
0.01491714111012,"cg14318858"
0.0149022565883492,"cg18477163"
0.0148981232837647,"cg16078649"
0.0148801313944333,"cg26075039"
0.0148599580320528,"cg27387193"
0.0148521366967826,"cg27119318"
0.0148444496405819,"cg17250082"
0.0148298670016238,"cg08322244"
0.0148247814228113,"cg21040096"
0.0148246088272969,"cg20064778"
0.0148235309278407,"cg09455823"
0.0148129093200723,"cg05624577"
0.0148110622520511,"cg19678392"
0.0148043168665308,"cg16769623"
0.0147986307743476,"cg22618164"
0.0147929066990599,"cg05991492"
0.0147888133180984,"cg16835101"
0.014785448307152,"cg21297282"
0.0147848341290099,"cg06846895"
0.01478383453089,"cg06092953"
0.0147784078973876,"cg21226059"
0.0147714273563597,"cg27134251"
0.0147643126887431,"cg11763394"
0.0147553629361838,"cg13136933"
0.0147496384492988,"cg23019889"
0.0147430382209843,"cg19815565"
0.0147350609096687,"cg15877520"
0.014720455622982,"cg14089267"
0.0147128591218915,"cg07178994"
0.0146948674988446,"cg20245116"
0.0146880520162107,"cg06360820"
0.0146814170859568,"cg23450377"
0.0146772774194868,"cg05765605"
0.014674943273761,"cg03935359"
0.0146724039277692,"cg01597387"
0.0146709226403901,"cg20784693"
0.0146703053722782,"cg19272349"
0.0146684019338077,"cg21177183"
0.0146648652000482,"cg02341645"
0.0146607184119417,"cg09496634"
0.0146487181532735,"cg03913278"
0.0146469980945436,"cg12609785"
0.014641111816405,"cg08423857"
0.0146361719348437,"cg12342675"
0.014626025886411,"cg02530824"
0.0146195436424036,"cg26570389"
0.0146170257487828,"cg00084338"
0.0146019124247812,"cg24838063"
0.0146012022283017,"cg23245007"
0.0145993066726481,"cg12081754"
0.0145881279082959,"cg07673080"
0.0145870703060059,"cg05509609"
0.0145834080146471,"cg20848291"
0.0145774069604539,"cg12575883"
0.0145736876648642,"cg10059536"
0.0145690659549156,"cg20866694"
0.0145567056040201,"cg13771313"
0.0145554820306804,"cg02239258"
0.0145503706086024,"cg13471254"
0.0145171422017468,"cg13671412"
0.0145133754296717,"cg24960960"
0.0145022302389211,"cg06423211"
0.0144920921942658,"cg20777128"
0.0144886459735991,"cg00637745"
0.014478751876265,"cg09125754"
0.0144699202653748,"cg02004499"
0.0144568113562298,"cg19267551"
0.0144548734463553,"cg06834998"
0.014450535027671,"cg14316629"
0.0144498329439686,"cg00061551"
0.0144490315879782,"cg09506600"
0.0144427782282655,"cg22410499"
0.014441633636063,"cg08355456"
0.0144378860697954,"cg08735705"
0.0144297657238664,"cg24231558"
0.0144144943222571,"cg08065408"
0.014403282853209,"cg03701930"
0.0144021976476577,"cg12437481"
0.014399552815701,"cg20737388"
0.0143972745477977,"cg07679219"
0.0143970479425075,"cg01119278"
0.0143952252374575,"cg14926196"
0.0143933383099698,"cg25301532"
0.0143806658888905,"cg10727171"
0.0143782763927375,"cg00490603"
0.0143757177463829,"cg06917450"
0.0143675216578862,"cg26207766"
0.0143659561860623,"cg06766960"
0.0143566140813427,"cg19832721"
0.0143474394080249,"cg14325153"
0.0143390087865812,"cg19375418"
0.0143247592579859,"cg17497608"
0.0143220930922414,"cg06419659"
0.0143212533319249,"cg05404236"
0.0143108861163356,"cg17737314"
0.0143104892363745,"cg14820908"
0.0143015931533183,"cg16028117"
0.0142985909004377,"cg08551532"
0.0142889551861792,"cg14137381"
0.0142805358456648,"cg05779406"
0.0142784157465669,"cg01911613"
0.0142736517021332,"cg27113419"
0.0142708066291986,"cg15469871"
0.0142693414924995,"cg02978505"
0.0142598374088754,"cg15580309"
0.0142594825367906,"cg06299284"
0.0142526553135706,"cg01760090"
0.0142507858754147,"cg25975856"
0.0142473873038597,"cg05460975"
0.014244165487068,"cg19405177"
0.0142326517092516,"cg11186706"
0.0142261098802972,"cg26179400"
0.0142247542933941,"cg11064039"
0.0142194671900845,"cg20583945"
0.0142164769216444,"cg23302570"
0.0142093175266862,"cg11265839"
0.0141989593424873,"cg26660312"
0.0141931623869312,"cg03396347"
0.0141929650816379,"cg03749207"
0.0141853023828325,"cg10095033"
0.0141832861437662,"cg12182649"
0.0141825229516574,"cg01863042"
0.0141816683071046,"cg10146935"
0.0141724548973224,"cg03181300"
0.0141658247776075,"cg19052272"
0.0141627154454821,"cg15172529"
0.0141576584801089,"cg13778567"
0.0141374484504502,"cg01517680"
0.0141335779489728,"cg00614959"
0.014121324160349,"cg24337025"
0.0141201653333647,"cg10736303"
0.0141098490697658,"cg05857996"
0.0141066276323473,"cg22595657"
0.0141004915546408,"cg19083407"
0.0140982637745886,"cg26906998"
0.014094266666355,"cg03407747"
0.0140821784724438,"cg16154810"
0.0140806540034172,"cg22189786"
0.0140753272789215,"cg20435535"
0.0140679586021181,"cg24598948"
0.0140616312890482,"cg12078154"
0.0140504714477916,"cg17608381"
0.0140218956915258,"cg02514143"
0.0140066680940399,"cg19564375"
0.014005953863924,"cg24609819"
0.0140033261514669,"cg00863893"
0.0139992038694474,"cg24530264"
0.0139947344353934,"cg08444004"
0.0139933081532661,"cg01728482"
0.0139885251059817,"cg08821998"
0.0139883270181373,"cg03301058"
0.0139846474747106,"cg16661522"
0.013956507108829,"cg01782410"
0.0139560559597,"cg02304092"
0.0139471284188761,"cg18128914"
0.0139389022350562,"cg15028160"
0.01393349714969,"cg21931717"
0.0139334207252926,"cg05337761"
0.0139226372256413,"cg15636421"
0.0139222073912699,"cg06830210"
0.0139199638949405,"cg15473904"
0.0138976118987741,"cg06699216"
0.0138657197734199,"cg03680873"
0.0138645360993748,"cg27634195"
0.0138542244162585,"cg11480278"
0.0138482065105011,"cg19106932"
0.0138470424907936,"cg25487775"
0.0138459861250884,"cg13457410"
0.0138376437149101,"cg26114124"
0.0138336772640594,"cg16805553"
0.0138330484220102,"cg01337207"
0.0138257580939422,"cg12934382"
0.013822501653703,"cg23973310"
0.0138223494276385,"cg25813936"
0.0138216013068966,"cg19944656"
0.0138160582312248,"cg09982942"
0.0138113458749987,"cg13900773"
0.013808208383525,"cg10962762"
0.0137927116966051,"cg02174092"
0.013789618275093,"cg06657917"
0.0137867125439382,"cg14704780"
0.0137813949726506,"cg26075639"
0.0137802466037711,"cg05342816"
0.013773938524432,"cg17872886"
0.0137729058362247,"cg16187528"
0.0137713058127888,"cg22681495"
0.0137693297192001,"cg02963119"
0.0137471891019145,"cg19767548"
0.0137445914399352,"cg11294620"
0.0137426657591043,"cg26987645"
0.0137414038725098,"cg22216157"
0.0137363750459761,"cg11757124"
0.0137167678390668,"cg25817165"
0.013711122828029,"cg03657281"
0.0137086139509545,"cg08322580"
0.0137039469727707,"cg20005518"
0.0136960428443796,"cg14927855"
0.0136945214359342,"cg02490460"
0.0136886615247436,"cg20434529"
0.013684472556841,"cg10197305"
0.0136645506199348,"cg12813394"
0.0136585535818773,"cg00525277"
0.0136557433871758,"cg13546858"
0.0136551548394511,"cg13319761"
0.013651372637829,"cg10208301"
0.0136486314145799,"cg13922901"
0.0136376461022791,"cg20219891"
0.0136250488178311,"cg08083251"
0.013623378269152,"cg18984983"
0.0136226932081838,"cg17717333"
0.0136194291712484,"cg23107878"
0.0136168778278523,"cg27260867"
0.0136160456028588,"cg21994712"
0.0136108561794612,"cg15695738"
0.013609672583715,"cg12687426"
0.0136005093075065,"cg05132077"
0.0135981387691605,"cg13092405"
0.0135894139965565,"cg08048268"
0.0135875699390455,"cg23591463"
0.0135779391318182,"cg05903289"
0.0135755212729643,"cg13318129"
0.0135724873783229,"cg06636551"
0.0135644909269706,"cg12468774"
0.0135623269998294,"cg09214243"
0.0135583873755455,"cg02389040"
0.0135393138867718,"cg19409579"
0.0135288026021068,"cg05252158"
0.0135113476242239,"cg14378564"
0.0135087769284018,"cg18060330"
0.0135021123172582,"cg24382249"
0.0135020710631459,"cg18783429"
0.0134932195762908,"cg14511393"
0.0134916787180036,"cg01050010"
0.013487946084531,"cg18797872"
0.0134776017240033,"cg27511599"
0.0134775434435605,"cg01292810"
0.0134741287098734,"cg17611045"
0.0134735915887237,"cg13717350"
0.0134586733323939,"cg27001894"
0.0134517775877721,"cg12193833"
0.0134481505582849,"cg24786174"
0.0134448156252464,"cg11821245"
0.0134405511980778,"cg02091185"
0.0134282964191834,"cg24112000"
0.0134243913954158,"cg27152890"
0.013424053710779,"cg22157099"
0.013418053657726,"cg15709265"
0.0134176401822323,"cg26576978"
0.0134135770794604,"cg00313914"
0.0134130902682838,"cg03950599"
0.0134023814884374,"cg14804593"
0.0133963611734243,"cg17179911"
0.0133948279056494,"cg07851262"
0.0133946178950849,"cg10518850"
0.013380932458783,"cg25004176"
0.0133769286620645,"cg09033006"
0.0133761445491935,"cg18428180"
0.0133655967076276,"cg12623302"
0.0133626906460848,"cg10069155"
0.0133610778030494,"cg08887025"
0.0133421400852247,"cg14228592"
0.0133322759046514,"cg10617763"
0.0133258802838393,"cg18355337"
0.0133180356422919,"cg08124030"
0.013314549619001,"cg12894711"
0.0133028333144934,"cg14783259"
0.0133010724515406,"cg14825413"
0.0133000881088263,"cg03549146"
0.0132983827662036,"cg25582488"
0.0132980289498791,"cg21537187"
0.0132863848370878,"cg14752227"
0.0132858368901334,"cg14064268"
0.013285556489579,"cg15765251"
0.0132829317326924,"cg00375457"
0.0132827235481287,"cg11103390"
0.0132811803904625,"cg24608381"
0.0132799518563321,"cg09553982"
0.013278741949336,"cg15572907"
0.0132773492812972,"cg10167378"
0.0132742101273284,"cg20047349"
0.0132701665600301,"cg19092981"
0.0132632625578269,"cg00021855"
0.0132616304131449,"cg19976628"
0.013254435841621,"cg10578777"
0.0132540988432296,"cg13167631"
0.0132526692223826,"cg11133658"
0.0132514866928249,"cg01616529"
0.0132450138668233,"cg10890302"
0.0132360665294264,"cg14457074"
0.0132337250064064,"cg02573091"
0.0132300833828897,"cg07257824"
0.0132275813495455,"cg03025830"
0.013222265434268,"cg26446133"
0.0132180228328164,"cg04386400"
0.0132080908061094,"cg07099606"
0.0132074253611116,"cg21918548"
0.0132070296832737,"cg26516362"
0.0131961631124266,"cg18706028"
0.0131949941749442,"cg25425994"
0.0131905840526398,"cg03317682"
0.0131886505364819,"cg26407558"
0.0131794540119949,"cg03455424"
0.0131784629639408,"cg02599361"
0.0131773388743578,"cg13320211"
0.013174187392478,"cg21171335"
0.0131724885558239,"cg03213289"
0.0131703316875891,"cg12560447"
0.0131694716145619,"cg04021544"
0.0131664902668409,"cg16440058"
0.0131638733707689,"cg03012280"
0.0131619654202227,"cg11488033"
0.0131594239760696,"cg00413030"
0.0131557109893623,"cg11807280"
0.0131492398216051,"cg18449964"
0.0131277724614046,"cg11519708"
0.0131266891635879,"cg17162911"
0.0131180005103028,"cg01267068"
0.0131056725855547,"cg20619695"
0.0131044874651152,"cg01114163"
0.0131001372046838,"cg06851207"
0.0130982770177723,"cg23942311"
0.013097935896538,"cg04166638"
0.013086984593223,"cg19067791"
0.0130537944839296,"cg27346510"
0.013046477778242,"cg27336068"
0.01304491266446,"cg22022881"
0.0130384217179245,"cg05526809"
0.0130383773091076,"cg16449687"
0.0130297732443766,"cg07371521"
0.0130284032806841,"cg25390787"
0.0130250766745326,"cg06789517"
0.0130247673927298,"cg02291164"
0.0130062270698987,"cg04663285"
0.0129919979729791,"cg08847173"
0.0129913473461341,"cg01962183"
0.0129900893946025,"cg00142257"
0.0129883689605807,"cg11978884"
0.0129817009567347,"cg23256579"
0.0129733779788011,"cg15402732"
0.0129668907250929,"cg01308968"
0.0129652193034275,"cg23815491"
0.0129634070425467,"cg17582782"
0.0129620864594194,"cg12777474"
0.0129600796615103,"cg11123440"
0.0129594045320787,"cg13578160"
0.012957598230232,"cg04064998"
0.0129539271936734,"cg02688948"
0.0129392210079388,"cg15720535"
0.0129369320503413,"cg13723217"
0.0129285982232272,"cg00403716"
0.0129180021185102,"cg09920172"
0.0129144207680447,"cg25396728"
0.0129138511556381,"cg23719516"
0.0129059205625498,"cg14654363"
0.0129044964145115,"cg10510935"
0.0129040440395688,"cg06524264"
0.0128946070024084,"cg24399712"
0.0128939205128677,"cg20485733"
0.0128899428678535,"cg10140454"
0.0128843316646524,"cg25817503"
0.012874398315225,"cg04086531"
0.0128739980104308,"cg18322025"
0.0128725192835308,"cg24354818"
0.012865211367083,"cg17932096"
0.0128640023952013,"cg17655970"
0.0128636662229145,"cg02784823"
0.0128567431693423,"cg23099265"
0.0128399225712279,"cg25438517"
0.0128300518948959,"cg05675570"
0.0128296043266446,"cg00328916"
0.0128172117920419,"cg11156891"
0.0128142611321741,"cg06726390"
0.0128127584932323,"cg19683494"
0.0128070563030708,"cg09125311"
0.012795848084177,"cg09580153"
0.0127948772515444,"cg13411554"
0.0127919002712412,"cg08624648"
0.0127899813507811,"cg09127314"
0.0127870442967657,"cg24372256"
0.0127819068020147,"cg14304349"
0.0127780379940988,"cg14294859"
0.0127759942738109,"cg08188698"
0.0127749663222495,"cg06400119"
0.0127747761219034,"cg19678111"
0.012772192753494,"cg05758861"
0.0127684744044683,"cg01006048"
0.012767961227199,"cg07601320"
0.0127670785752944,"cg00738934"
0.0127607658319448,"cg02707176"
0.0127572336536773,"cg24752563"
0.01275609806928,"cg06513375"
0.0127542732099545,"cg01966334"
0.0127522323819909,"cg10915739"
0.0127472546215898,"cg00159523"
0.0127469857050056,"cg00579423"
0.0127466926917888,"cg09187505"
0.012738126386419,"cg07187855"
0.0127376125748568,"cg26310551"
0.0127338726078278,"cg16127514"
0.0127324212534818,"cg20805368"
0.0127313625622368,"cg11107966"
0.0127078345762067,"cg01162053"
0.0126903268771667,"cg01609139"
0.0126875241901083,"cg26098768"
0.0126773209042881,"cg21445911"
0.0126717933204357,"cg23480619"
0.0126689917300942,"cg01518225"
0.0126687626068756,"cg25285794"
0.0126682136233553,"cg15871215"
0.012665405249621,"cg22056094"
0.0126377154030696,"cg26209990"
0.012631101808804,"cg10519437"
0.0126214810281243,"cg25699073"
0.0126207052457905,"cg08476511"
0.0126200644701893,"cg01786048"
0.0126104315304024,"cg00555420"
0.0126089133413871,"cg14209346"
0.0126043726547635,"cg02771260"
0.0126041851730988,"cg03343083"
0.0125951215124209,"cg08684580"
0.0125897646197181,"cg05857999"
0.0125884222981634,"cg02527881"
0.0125850303966836,"cg04486839"
0.0125798240830735,"cg03513464"
0.0125786694515827,"cg07287078"
0.0125774619539434,"cg05283184"
0.0125742736570669,"cg11245297"
0.0125716102845266,"cg04255230"
0.0125705869770658,"cg11331445"
0.0125694993530311,"cg12031962"
0.0125637349924907,"cg04143909"
0.0125629886230737,"cg03486986"
0.01256131647307,"cg18477674"
0.0125611665724294,"cg03848831"
0.0125556490503226,"cg06054159"
0.0125532488011798,"cg10225865"
0.0125525334237501,"cg25032089"
0.0125506254731102,"cg09611599"
0.0125439265383524,"cg17848838"
0.012533565993078,"cg19374305"
0.0125291239839925,"cg07307142"
0.0125184555810984,"cg09640425"
0.0125155997751328,"cg11370814"
0.0125072423344625,"cg27102141"
0.0124982361574722,"cg19800640"
0.0124941951173106,"cg09408571"
0.0124920930451757,"cg18369516"
0.0124806882394762,"cg09235562"
0.0124742762809812,"cg14157435"
0.0124695590693526,"cg27367142"
0.0124694939576158,"cg20824294"
0.0124693429372031,"cg25800500"
0.0124646523835868,"cg24647015"
0.0124609415623872,"cg04880091"
0.0124596633145809,"cg21838488"
0.0124584192287793,"cg00862307"
0.0124580738510227,"cg18434356"
0.0124560637414759,"cg24768116"
0.0124547609351895,"cg02043600"
0.012450445728002,"cg24867279"
0.0124441119413547,"cg22497095"
0.0124436262501085,"cg13896699"
0.0124396001897895,"cg11540476"
0.012435682710664,"cg17437770"
0.012431931751769,"cg18878992"
0.0124307344061696,"cg18091046"
0.0124294260349657,"cg21245975"
0.0124280823848217,"cg00650614"
0.0124278719130726,"cg07100532"
0.0124267946339265,"cg20430773"
0.0124206817846593,"cg19743168"
0.0124180434580888,"cg02610474"
0.0124178851564136,"cg22633036"
0.0124160222052569,"cg07594247"
0.0124133989132479,"cg20692980"
0.0124132588535781,"cg20699586"
0.0124093049465648,"cg25223285"
0.01240056892786,"cg21809927"
0.0123981087912604,"cg03649429"
0.0123909862725589,"cg01218619"
0.0123882495695818,"cg05983061"
0.0123844006087477,"cg08651631"
0.0123772457951977,"cg23773946"
0.0123712522386218,"cg08280036"
0.0123625549020777,"cg20607798"
0.0123614904623398,"cg03938711"
0.0123587623286074,"cg02304584"
0.0123526547723011,"cg07490070"
0.01235208069016,"cg09933458"
0.0123482565448988,"cg10210594"
0.0123452012316321,"cg24892069"
0.0123415341319974,"cg26312807"
0.0123350046066667,"cg06113708"
0.012328169733719,"cg16115627"
0.012327748868846,"cg08309069"
0.0123126715452968,"cg11099600"
0.0123083806100782,"cg15234627"
0.0123012917537587,"cg18404925"
0.0122990351482227,"cg08825699"
0.0122984091455246,"cg12694372"
0.0122968227710516,"cg23758309"
0.0122767857465913,"cg04913265"
0.0122749346720963,"cg13468767"
0.0122746315584036,"cg10648573"
0.0122720536481435,"cg01208126"
0.0122719649349563,"cg13534536"
0.0122640591736517,"cg07793724"
0.0122607942702066,"cg07732331"
0.0122533540549138,"cg07959070"
0.0122513288156956,"cg18371052"
0.0122455011444246,"cg09621330"
0.0122443729111887,"cg23574427"
0.0122348864741342,"cg09766355"
0.0122341675893568,"cg06797068"
0.0122302124788087,"cg05449108"
0.0122253669744148,"cg25298319"
0.012212289623547,"cg06801384"
0.0122111529150034,"cg26739149"
0.0122024788977245,"cg23668222"
0.0122023097726845,"cg15166039"
0.0122000076683349,"cg12564567"
0.0121970679991468,"cg18693985"
0.0121930926906788,"cg27214960"
0.0121896248796467,"cg09395805"
0.0121890710424332,"cg06159404"
0.012186516988943,"cg11960655"
0.0121792650907322,"cg14413466"
0.0121675205712306,"cg08144588"
0.0121655698532663,"cg07455790"
0.0121542371885719,"cg26927190"
0.0121467473421357,"cg21819782"
0.0121460283363666,"cg08573926"
0.0121435858321932,"cg11174255"
0.0121354905828446,"cg06167719"
0.0121292024655936,"cg12489353"
0.0121277378755734,"cg03996861"
0.0121249011138526,"cg03829739"
0.0121193635246928,"cg12076350"
0.0121190708964036,"cg14223671"
0.0121134830015123,"cg25886683"
0.0121077889711991,"cg20790798"
0.0121059386546314,"cg06161550"
0.0121019645426163,"cg19605788"
0.0120937672035531,"cg15246131"
0.0120919130038881,"cg04671734"
0.0120874604415052,"cg14659346"
0.0120815062843911,"cg14785464"
0.0120790919768897,"cg10374084"
0.0120769407636,"cg09314196"
0.012071377908964,"cg19891452"
0.0120673462577842,"cg16406611"
0.012064122364407,"cg15400401"
0.012060723435231,"cg17959722"
0.0120418460712135,"cg15398841"
0.0120368403390138,"cg14332815"
0.0120348391611686,"cg26076054"
0.0120341852322034,"cg03363478"
0.0120325079392352,"cg22386492"
0.0120307564150109,"cg04834770"
0.0120293288627892,"cg25932869"
0.0120235517733838,"cg01302562"
0.0120213454899311,"cg21649089"
0.0120192707180419,"cg05111898"
0.0120190864338785,"cg16699148"
0.012017080087161,"cg26426080"
0.0120160752657829,"cg25066665"
0.0120143803017818,"cg09737314"
0.0120119836368418,"cg03954144"
0.0120115679958948,"cg19963856"
0.0120083606131104,"cg16344227"
0.0120078017576894,"cg26400491"
0.0120066830223713,"cg10832093"
0.0119970953472865,"cg01815645"
0.0119934834884455,"cg03842440"
0.0119879462976438,"cg07124183"
0.0119825241772871,"cg26451735"
0.0119784204253354,"cg15954353"
0.0119760126203133,"cg00568384"
0.0119730522752213,"cg04035553"
0.0119729448462685,"cg27389908"
0.0119640774053281,"cg16763089"
0.0119605585015939,"cg22244940"
0.0119549981772286,"cg15052665"
0.011954559577801,"cg25307665"
0.0119541406469444,"cg09152813"
0.0119501724196705,"cg09135239"
0.0119453871018361,"cg21920469"
0.0119400062256035,"cg16611967"
0.0119356102563451,"cg16035267"
0.0119344164193457,"cg16050468"
0.0119256232776954,"cg13526469"
0.011921214793963,"cg02452966"
0.0119197988137827,"cg23322676"
0.0119192838417159,"cg23026554"
0.0119136770662084,"cg14748380"
0.011911798443383,"cg26889659"
0.0119100032133509,"cg23226914"
0.0119080512602015,"cg16524733"
0.0119052135704831,"cg14789911"
0.0118938733569931,"cg04850211"
0.0118878366510185,"cg00963378"
0.0118775938264845,"cg25705717"
0.0118737254994858,"cg18443437"
0.011869286362143,"cg04111992"
0.0118692684519837,"cg08871495"
0.0118645955346722,"cg24527560"
0.0118599083602054,"cg00951395"
0.0118540363082357,"cg07620230"
0.011853912304491,"cg12897067"
0.0118500912225714,"cg07321776"
0.0118497852459393,"cg11560654"
0.0118483887860842,"cg00837987"
0.0118474548478973,"cg02197629"
0.0118232346452005,"cg14631276"
0.0118222104746237,"cg00137234"
0.0118138313227659,"cg27432604"
0.0118047548477659,"cg02710296"
0.0117962075458953,"cg09935388"
0.011796139379777,"cg21210642"
0.0117940886001651,"cg20139447"
0.0117938799879958,"cg22807585"
0.0117750723204767,"cg27370471"
0.0117659292376068,"cg15909132"
0.0117637875926148,"cg02934300"
0.0117600119685505,"cg18396357"
0.0117595850356189,"cg24476033"
0.0117530385227028,"cg00632811"
0.0117348911912675,"cg00750481"
0.0117325925534464,"cg21248554"
0.0117289689486712,"cg00099094"
0.0117274808085811,"cg17797229"
0.0117257198406225,"cg12584458"
0.011721917886383,"cg13264672"
0.011720734066384,"cg13902645"
0.011716567366392,"cg02631126"
0.0117159499556515,"cg19471466"
0.0117145370597356,"cg13287964"
0.0117142962725045,"cg02754929"
0.011712677747855,"cg23584176"
0.011711192053779,"cg17662683"
0.0117096788081436,"cg04156016"
0.0117031950036864,"cg21330207"
0.0117019104463271,"cg22157087"
0.0116953461202344,"cg11168104"
0.011688422347926,"cg10451425"
0.0116855276371701,"cg24361198"
0.0116817470551721,"cg13067553"
0.011670089829477,"cg25382214"
0.011663995682332,"cg00254258"
0.0116628942114617,"cg08381620"
0.0116628021644427,"cg21428710"
0.011662670258896,"cg02493798"
0.0116590584262294,"cg25308322"
0.0116574221643755,"cg01091514"
0.0116570329449738,"cg03781731"
0.0116551593967778,"cg02446475"
0.0116470538665281,"cg05725404"
0.0116427046453861,"cg10639368"
0.0116343034145683,"cg15949805"
0.0116322625942252,"cg21052814"
0.011631787091981,"cg10909939"
0.0116303975738756,"cg02566259"
0.0116297243834106,"cg11857238"
0.0116296476676611,"cg04295144"
0.0116271597154002,"cg02313495"
0.0116249917779169,"cg05992904"
0.0116249490716834,"cg23916104"
0.0116167413627271,"cg09847153"
0.0116133378784249,"cg24937727"
0.0116072750978667,"cg26968378"
0.0116042398137816,"cg19014289"
0.0116031386921761,"cg06471380"
0.0116031078048423,"cg17594624"
0.0116024009275834,"cg07015749"
0.0115998412269373,"cg06161540"
0.0115990113031963,"cg07782112"
0.0115985705817416,"cg18746157"
0.0115980867472379,"cg01214346"
0.0115975564014668,"cg18925846"
0.0115974750105051,"cg08754654"
0.0115968443267044,"cg00478479"
0.0115943262096861,"cg22695986"
0.0115940159523686,"cg22244039"
0.0115894359984028,"cg04896168"
0.0115887415133718,"cg05182265"
0.0115880047627789,"cg25716013"
0.0115846875800212,"cg03274391"
0.011579842278129,"cg07427475"
0.0115797866383073,"cg20325573"
0.0115753610052761,"cg25437304"
0.0115708251361463,"cg17172308"
0.0115624074503082,"cg09127448"
0.011562004534782,"cg21073930"
0.0115572810952316,"cg06935979"
0.0115557021370175,"cg11229663"
0.0115551338591975,"cg11235602"
0.0115537238789745,"cg03124146"
0.0115513888713544,"cg23733394"
0.0115511760833913,"cg25006249"
0.0115476898707421,"cg08270491"
0.011546713944603,"cg18770216"
0.0115432491626725,"cg22832557"
0.0115402001301615,"cg05878104"
0.0115368128756578,"cg05357619"
0.0115363544846282,"cg14703454"
0.0115334174024061,"cg19495714"
0.0115286939749965,"cg21206147"
0.0115202882392234,"cg20295248"
0.0115117018006236,"cg22590775"
0.0115073380033645,"cg22905511"
0.0115019400331226,"cg06888460"
0.0115015890324964,"cg11460282"
0.011495399336946,"cg12858902"
0.0114919628490733,"cg17207545"
0.0114878959892597,"cg22705746"
0.0114872293828419,"cg01246520"
0.0114844079105012,"cg24363621"
0.0114803218293172,"cg13401703"
0.0114801003508805,"cg08570243"
0.011479395954011,"cg03961283"
0.0114770958928288,"cg18217622"
0.0114767256220592,"cg23565757"
0.0114734162969463,"cg17916960"
0.0114684312516688,"cg05308495"
0.0114678932847929,"cg00992253"
0.0114663573544608,"cg03906434"
0.0114645562485737,"cg10482057"
0.0114636270504269,"cg11975397"
0.0114628052373125,"cg05044291"
0.0114607558686761,"cg03312587"
0.0114587691400799,"cg13903179"
0.0114579030813159,"cg17132030"
0.0114578348100218,"cg18946787"
0.0114551365776358,"cg09526685"
0.0114543989294978,"cg14317384"
0.0114518326815129,"cg26843498"
0.0114496528578021,"cg24203800"
0.0114455166025472,"cg05598727"
0.0114438478927394,"cg22535403"
0.0114432541043336,"cg02910054"
0.0114378588052833,"cg14036627"
0.0114354583563632,"cg07798610"
0.0114341773459723,"cg24834889"
0.0114312733512296,"cg23097878"
0.011430658795996,"cg22943590"
0.0114288463007875,"cg05453358"
0.0114279783135282,"cg14266237"
0.0114275813962467,"cg14709479"
0.0114232307777929,"cg24405174"
0.0114146605142864,"cg05643303"
0.0114124006348999,"cg10671668"
0.0114080895870136,"cg01480180"
0.0114076373674772,"cg22920501"
0.0113982770022753,"cg01788113"
0.0113961611846606,"cg07226162"
0.0113945070476537,"cg08822897"
0.0113871852019671,"cg20966754"
0.0113851573529504,"cg19346084"
0.0113851407997907,"cg18896979"
0.0113846395616085,"cg05638439"
0.0113841669247822,"cg14172108"
0.0113784089990003,"cg13294447"
0.0113733353085961,"cg14285533"
0.0113700171044809,"cg19537719"
0.0113694119239542,"cg24263062"
0.0113580984717056,"cg10464773"
0.01135696290497,"cg01760434"
0.011355953343504,"cg06716730"
0.0113550488098225,"cg25810938"
0.0113529340374316,"cg10074506"
0.0113520203007475,"cg12876356"
0.0113364126922228,"cg15878909"
0.0113320502306648,"cg23737190"
0.0113212942446421,"cg20636526"
0.0113198326782711,"cg07252200"
0.0113189949348676,"cg01231141"
0.0113184191875776,"cg27003165"
0.0113182772495162,"cg10919664"
0.0113161699310452,"cg14329783"
0.0113139166800435,"cg09749225"
0.0113119733824502,"cg16542322"
0.0113115724303981,"cg03955764"
0.01130785992386,"cg05845376"
0.0113015539395845,"cg24524099"
0.0113004549180833,"cg06904356"
0.0113001860664547,"cg04096619"
0.0112985175876597,"cg23904955"
0.0112981005619968,"cg17888390"
0.0112922360598062,"cg16896868"
0.0112915873320712,"cg18930910"
0.0112897461054346,"cg08461752"
0.0112875687086464,"cg04955912"
0.011286315996684,"cg01652190"
0.0112850981328382,"cg01677628"
0.0112817661361647,"cg14535332"
0.0112811524102102,"cg07504200"
0.011280699484243,"cg06061257"
0.011277876570448,"cg08106288"
0.0112735976132743,"cg17322044"
0.0112713554954799,"cg20457732"
0.0112678423378032,"cg25335841"
0.011267684296261,"cg24711482"
0.0112624418789133,"cg08282428"
0.0112622501161904,"cg12691488"
0.0112502567663254,"cg21865751"
0.0112473816635897,"cg25937216"
0.0112424620252149,"cg06837568"
0.0112399320861645,"cg27207756"
0.011237981155449,"cg08013331"
0.011235855019006,"cg25432232"
0.01123435114933,"cg25385940"
0.0112339011149805,"cg11524184"
0.0112335741779503,"cg21232488"
0.0112327438170059,"cg27624471"
0.0112290726101275,"cg19603903"
0.0112280919835092,"cg15265085"
0.0112278441538863,"cg22716280"
0.0112272935817885,"cg08060195"
0.0112253293901936,"cg02574844"
0.011223848438417,"cg14356225"
0.0112162976037894,"cg12072028"
0.0112081158582374,"cg04122358"
0.0112044943889577,"cg16824113"
0.0112020820005985,"cg20920097"
0.011202013871112,"cg14799488"
0.011197807385234,"cg02380802"
0.0111889044033193,"cg15296664"
0.0111882241312115,"cg11826726"
0.0111814864431736,"cg27098685"
0.0111793994769169,"cg25350011"
0.0111793032726641,"cg21728101"
0.0111790628851943,"cg14604444"
0.0111786210011936,"cg17014757"
0.0111781615836893,"cg17951978"
0.0111765555723299,"cg10531774"
0.0111731055062453,"cg13448197"
0.0111727570506869,"cg01832665"
0.0111722577919828,"cg19149522"
0.0111717024498411,"cg23478547"
0.0111708167719477,"cg02119792"
0.0111691193618953,"cg21401457"
0.0111629226617756,"cg18825221"
0.0111617853120071,"cg22812614"
0.0111585631127554,"cg22025206"
0.0111507833262055,"cg25436886"
0.0111466454721333,"cg10835286"
0.0111414968282931,"cg22138735"
0.0111388863587242,"cg11201654"
0.0111330972662918,"cg17210938"
0.01113239064918,"cg07620573"
0.0111305895349569,"cg27638615"
0.0111299799347892,"cg10742917"
0.0111265900885275,"cg03847932"
0.0111253727637696,"cg26607620"
0.0111242250031965,"cg08835099"
0.0111186619369054,"cg15270235"
0.0111175071561298,"cg18391514"
0.0111134512089688,"cg27455098"
0.0111081030740362,"cg14973360"
0.0111039130212745,"cg04044120"
0.0111013288518934,"cg14409029"
0.0111003547531258,"cg18367631"
0.0111002876467114,"cg12622242"
0.0110960426721188,"cg05185784"
0.0110858942240229,"cg06739303"
0.0110857243267867,"cg13023646"
0.0110824633965266,"cg09806625"
0.0110792334990268,"cg01640684"
0.0110784078534264,"cg11935738"
0.0110758942228058,"cg00158530"
0.0110740428592117,"cg22078805"
0.0110722553105527,"cg04258219"
0.0110592179871484,"cg01833234"
0.0110550633443242,"cg04492858"
0.0110512409628933,"cg04072301"
0.0110441569214229,"cg20398880"
0.0110371671786,"cg14299480"
0.0110356229539079,"cg01285926"
0.0110351122250876,"cg27505492"
0.0110333355835855,"cg11347582"
0.0110305191569835,"cg05463589"
0.0110286141542797,"cg13290180"
0.0110283182113652,"cg08025464"
0.0110278114373694,"cg19547330"
0.0110273291348618,"cg27176264"
0.011026922050914,"cg17842918"
0.011026764205564,"cg22049899"
0.0110243592784825,"cg17035899"
0.0110185400023715,"cg16850897"
0.011017923132019,"cg24118713"
0.0110125551334321,"cg08084154"
0.0110091641967661,"cg25607920"
0.0110034614474232,"cg15910301"
0.0110022416739632,"cg02313554"
0.0109995188644968,"cg00431894"
0.010995238139217,"cg11900509"
0.0109796242088469,"cg04364695"
0.0109783092676038,"cg24816298"
0.0109654786578177,"cg21351392"
0.0109630621519381,"cg10336025"
0.0109587698162015,"cg19526166"
0.0109579970513008,"cg09975044"
0.0109544542457145,"cg17247873"
0.0109515292924269,"cg05626073"
0.0109431756205162,"cg08316083"
0.0109422919329607,"cg02951719"
0.0109421650838275,"cg07745373"
0.0109414137478654,"cg03327325"
0.0109402644981477,"cg11410718"
0.0109399840792716,"cg13614409"
0.0109351570968132,"cg03120147"
0.0109327401710475,"cg10288578"
0.0109313271325325,"cg01423393"
0.010930682954173,"cg26687381"
0.0109245569453921,"cg04017131"
0.0109241262406296,"cg27413643"
0.0109234757741196,"cg15618908"
0.0109205947495232,"cg02314201"
0.0109192457197754,"cg12076931"
0.010917659908986,"cg04934246"
0.0109175815963307,"cg19817652"
0.0109175689595315,"cg14036830"
0.0109159735410716,"cg20622565"
0.0109123193200655,"cg03012785"
0.0109068071928325,"cg02002217"
0.0109049106469171,"cg13444538"
0.010902104984295,"cg02991085"
0.0109020831708044,"cg23220897"
0.0109007257969051,"cg13679303"
0.0108976938228788,"cg04137564"
0.0108879438618977,"cg23290664"
0.0108837431061266,"cg16462006"
0.0108828814863241,"cg00243480"
0.0108825217621378,"cg24305906"
0.0108822208359943,"cg08220243"
0.0108816916427681,"cg21136104"
0.0108764670320869,"cg22535103"
0.0108759582030085,"cg26393629"
0.0108754349571656,"cg18433519"
0.0108724479253809,"cg03269218"
0.0108715558443243,"cg13422830"
0.0108689959282266,"cg08022281"
0.0108669164675031,"cg15377887"
0.0108602262416879,"cg15572235"
0.0108599963293842,"cg25835179"
0.0108576532567506,"cg02584498"
0.0108551292675785,"cg13291296"
0.0108538792460089,"cg18865445"
0.0108531940631664,"cg13443627"
0.0108513365062254,"cg07148458"
0.0108507218733567,"cg18591489"
0.0108486778590367,"cg24019078"
0.0108486052918539,"cg13205059"
0.0108478183325742,"cg02428792"
0.0108448768164908,"cg18699744"
0.010837581090532,"cg02883147"
0.0108299199599658,"cg19477346"
0.0108293991766797,"cg20697926"
0.0108286878058779,"cg18470427"
0.0108285306208666,"cg20942286"
0.0108229058967242,"cg06833823"
0.0108211119439342,"cg19504605"
0.0108193755841905,"cg08871608"
0.010818902177212,"cg02452435"
0.0108184197591698,"cg03453431"
0.0108158375511204,"cg10356759"
0.0108116200038812,"cg27494647"
0.0108114732348996,"cg06363485"
0.0108107496132009,"cg03579179"
0.0108056836052581,"cg14789818"
0.0108048799610649,"cg13344095"
0.0108014570346358,"cg08450021"
0.0107993729531384,"cg21487550"
0.0107990243920915,"cg00524694"
0.0107966344747006,"cg11345693"
0.0107911218727712,"cg18763100"
0.0107897188860784,"cg09918394"
0.0107830686322434,"cg16072462"
0.0107822866092452,"cg12302982"
0.0107795597281265,"cg01085553"
0.0107791675748896,"cg13876921"
0.0107788196956788,"cg23489630"
0.010776295703983,"cg04046629"
0.010774289619811,"cg15158783"
0.0107718532272899,"cg20509869"
0.0107650884553873,"cg07499182"
0.0107635526996032,"cg27482031"
0.0107625425205951,"cg21173402"
0.0107620504894682,"cg02276823"
0.0107615420059561,"cg07770222"
0.0107605234123566,"cg10279314"
0.0107590082988462,"cg05457480"
0.0107564603467919,"cg02675527"
0.0107530456336519,"cg03160526"
0.0107516718340646,"cg08580268"
0.0107475329103935,"cg10040530"
0.0107469545271093,"cg06176987"
0.0107463074551771,"cg17553149"
0.0107450425561003,"cg12580445"
0.0107444567191243,"cg19584649"
0.0107438785611844,"cg14170999"
0.010742327201489,"cg19770292"
0.0107415276050133,"cg10672567"
0.0107351367809386,"cg27006947"
0.0107347958813008,"cg05557233"
0.0107342175829236,"cg14157578"
0.0107250875312661,"cg18710053"
0.0107239984677764,"cg03216635"
0.0107234622525784,"cg06168204"
0.0107217727037507,"cg00835279"
0.0107203738589015,"cg00635560"
0.0107169882327882,"cg14458575"
0.0107150812379743,"cg06940110"
0.0107144487745798,"cg09714852"
0.0107108887981511,"cg17292758"
0.0107106197750825,"cg20314884"
0.0107096893442443,"cg18899797"
0.0107080498827376,"cg17974166"
0.0107051069606211,"cg07645761"
0.0107037479926657,"cg02439789"
0.010700389854134,"cg19397885"
0.0106994523267229,"cg06188367"
0.0106991821608243,"cg16151494"
0.0106974465364438,"cg04517524"
0.0106971827377264,"cg18598117"
0.0106965088231551,"cg22984587"
0.010696172269924,"cg23352942"
0.0106957253906726,"cg11011512"
0.0106947523279042,"cg26929700"
0.0106895585898703,"cg20300514"
0.0106889843499178,"cg03534453"
0.0106883298263088,"cg17239008"
0.0106837589235561,"cg27532318"
0.0106834963845943,"cg27333952"
0.0106805139451125,"cg06737308"
0.0106798159580716,"cg00599163"
0.0106745303973325,"cg18146737"
0.0106744912580993,"cg18725375"
0.0106728112717449,"cg23995446"
0.0106705783412043,"cg07856975"
0.010669531933674,"cg12542255"
0.0106686321021121,"cg14800532"
0.0106678641857222,"cg14359292"
0.0106638158781022,"cg01427815"
0.0106636593108893,"cg11266682"
0.010662727808145,"cg05655281"
0.0106620383508954,"cg18576957"
0.0106612157561767,"cg17217158"
0.0106611948494085,"cg09817162"
0.0106590451861487,"cg07637837"
0.0106584461407987,"cg23759393"
0.0106577817854565,"cg17403731"
0.0106568115288689,"cg06982805"
0.010654311766388,"cg25356393"
0.0106528054978645,"cg08770580"
0.0106504219572663,"cg16720578"
0.0106488218490498,"cg27312549"
0.0106439839305189,"cg26672776"
0.0106403217585805,"cg08241360"
0.0106376670324466,"cg08234689"
0.0106375657147512,"cg23480021"
0.010636908576792,"cg18561560"
0.0106355691867625,"cg06609049"
0.0106321223867501,"cg26684174"
0.0106313508088988,"cg00326788"
0.0106308794608153,"cg10556349"
0.0106300675270961,"cg04034967"
0.0106279215315634,"cg19949948"
0.0106276238614641,"cg18211761"
0.0106261942828311,"cg21507807"
0.0106250832323601,"cg13945667"
0.0106226701801453,"cg21197336"
0.0106225848363535,"cg01343363"
0.0106223553451874,"cg14143304"
0.0106217985683963,"cg05926586"
0.0106210811557431,"cg01624173"
0.0106197200163551,"cg21200382"
0.0106163417939178,"cg00428468"
0.010615710731863,"cg20245361"
0.010611203965661,"cg10906729"
0.0106096917079057,"cg14362178"
0.0106076781172685,"cg08334034"
0.0106050571917974,"cg16637873"
0.0105978102507099,"cg10676327"
0.0105977116930824,"cg07327347"
0.0105938334334364,"cg01777861"
0.0105933971102502,"cg14361252"
0.0105914137310414,"cg10854819"
0.0105898836483721,"cg26840333"
0.010581914999654,"cg10924085"
0.0105791951769896,"cg13780207"
0.0105786040475706,"cg08222513"
0.0105642142231598,"cg10920224"
0.0105630379045569,"cg10831901"
0.0105616469505706,"cg01655667"
0.0105595754273896,"cg00080972"
0.0105593551706696,"cg19521832"
0.0105536144717641,"cg09981929"
0.0105496829346319,"cg16306978"
0.0105473767252909,"cg22549041"
0.0105457802005428,"cg25322720"
0.0105453744829166,"cg04001333"
0.0105446902297117,"cg23522872"
0.0105443327860771,"cg24820672"
0.0105436575272132,"cg18649319"
0.0105429367105022,"cg05036715"
0.0105425923895128,"cg13889467"
0.0105395942758748,"cg08433504"
0.0105385338645389,"cg11092486"
0.0105380913393289,"cg17179862"
0.0105335224866691,"cg11955878"
0.0105322610234562,"cg19851563"
0.0105312853636521,"cg09739413"
0.0105286820378404,"cg19084031"
0.010528395310573,"cg24702360"
0.010524363715141,"cg16958594"
0.0105237309993839,"cg07970752"
0.0105225229670722,"cg03741458"
0.0105214164856358,"cg18171855"
0.0105203383158394,"cg03441844"
0.0105200782915179,"cg19870512"
0.0105188233452866,"cg06341731"
0.0105187288771269,"cg22307444"
0.0105182873702058,"cg14464852"
0.0105140441967135,"cg08123339"
0.0105137604499546,"cg05626790"
0.0105117526439572,"cg13899935"
0.0105068484998181,"cg01448115"
0.0105026474688414,"cg04384112"
0.0105026063665062,"cg10403394"
0.0104999664690363,"cg09953406"
0.0104999043692123,"cg21043213"
0.0104987261254055,"cg15679892"
0.010493689416439,"cg13208584"
0.0104930249345844,"cg04741728"
0.010488071261806,"cg17248924"
0.0104865411105231,"cg06758350"
0.0104848019405675,"cg15255086"
0.0104808768652694,"cg06213635"
0.0104785580413467,"cg04315214"
0.0104783225043239,"cg26846943"
0.0104775690267607,"cg27098804"
0.0104775649707132,"cg11742103"
0.0104769353540073,"cg24945462"
0.0104761897382614,"cg12333160"
0.0104761367320479,"cg00022997"
0.0104740471437634,"cg02513556"
0.0104718377195261,"cg08382737"
0.0104702945380202,"cg23971638"
0.0104688997914425,"cg02447462"
0.0104685569582144,"cg09552548"
0.0104673100540033,"cg13974464"
0.0104657975795316,"cg17870997"
0.0104595981044918,"cg18771570"
0.0104586660210763,"cg26479374"
0.010458574207405,"cg07599136"
0.0104502472680642,"cg07984380"
0.0104469440006669,"cg26266427"
0.0104460063610986,"cg05662444"
0.0104454911841957,"cg20245362"
0.0104410951981499,"cg12078775"
0.0104409845671155,"cg12017631"
0.0104402698859675,"cg11517269"
0.0104375245608589,"cg10517650"
0.0104371722643291,"cg24169822"
0.0104324378227854,"cg27543040"
0.0104308308899134,"cg08804111"
0.0104272467542569,"cg04248979"
0.0104264936229583,"cg03607813"
0.0104260442890111,"cg18753928"
0.0104258114545289,"cg06559925"
0.0104240710070848,"cg26408224"
0.0104226076014965,"cg26051413"
0.0104179648295551,"cg13963793"
0.0104161977166301,"cg08985785"
0.0104155770764696,"cg05505459"
0.0104094784272793,"cg12349837"
0.0104054607444558,"cg25987564"
0.0104028164640076,"cg16512163"
0.0103992857577412,"cg02244970"
0.0103988347484493,"cg20528787"
0.0103986866578316,"cg18705808"
0.0103985205156288,"cg13285174"
0.0103978263792633,"cg20432211"
0.0103967545920429,"cg04329125"
0.0103951360871212,"cg05593559"
0.0103895838484361,"cg15057061"
0.0103869979108992,"cg07004386"
0.0103855368408544,"cg25757140"
0.0103844105941988,"cg21964928"
0.0103812682921125,"cg04285477"
0.0103804135683459,"cg00758881"
0.0103780443421928,"cg11862551"
0.0103767237830865,"cg14716990"
0.0103759326531553,"cg02567769"
0.0103752774044039,"cg06847624"
0.0103749270928389,"cg03880033"
0.0103739424449104,"cg22571016"
0.0103738814214369,"cg17750572"
0.0103702861100583,"cg22452837"
0.0103686249597052,"cg11234447"
0.0103673931068406,"cg17471939"
0.0103670228060843,"cg12955789"
0.0103645472540306,"cg25910261"
0.0103532680644308,"cg22454769"
0.0103507621534126,"cg22878388"
0.0103487705470182,"cg06324373"
0.0103481451274509,"cg03894796"
0.0103453670738521,"cg13854012"
0.0103451950232033,"cg21871091"
0.0103449255605455,"cg12408990"
0.0103410609810999,"cg21406402"
0.0103399701539948,"cg19301501"
0.0103395524323526,"cg13857646"
0.0103329345383733,"cg26175789"
0.0103301247243053,"cg17136073"
0.0103270851014454,"cg24324837"
0.0103257306858737,"cg07639376"
0.0103221659905651,"cg20151401"
0.0103142237249779,"cg22545206"
0.0103129912066153,"cg14372324"
0.0103112120255897,"cg24506130"
0.0103086972559842,"cg08484560"
0.0103081338917827,"cg05545777"
0.010298245393042,"cg15027294"
0.0102931569192005,"cg06106484"
0.0102909738786088,"cg01565314"
0.0102880215749149,"cg13221347"
0.010285784594469,"cg19962075"
0.0102848100967783,"cg02136620"
0.0102792239959797,"cg16101008"
0.0102736718793575,"cg12426467"
0.010269775517192,"cg04692870"
0.0102689165158572,"cg20192814"
0.0102684503244661,"cg01797450"
0.0102680676426773,"cg16944964"
0.0102659536454727,"cg21697381"
0.010262477290943,"cg24893378"
0.0102593008909668,"cg07977202"
0.0102551936545655,"cg02687418"
0.0102516490788761,"cg05475109"
0.0102502004993131,"cg23479922"
0.0102465125131716,"cg08787039"
0.0102458094283121,"cg08817983"
0.0102429161732248,"cg24009065"
0.0102379731905632,"cg00436969"
0.0102353754192589,"cg12604331"
0.0102329299042255,"cg24299306"
0.0102309944764577,"cg05213296"
0.0102291554647334,"cg18135502"
0.0102284386281334,"cg03613822"
0.0102278372009651,"cg07243930"
0.0102214456944228,"cg00590063"
0.0102189174242126,"cg03168497"
0.0102158857942039,"cg10627839"
0.010214971371443,"cg10760299"
0.0102149565845933,"cg00219169"
0.010213413880538,"cg01754423"
0.0102129130677338,"cg12803068"
0.0102100323780384,"cg25456368"
0.0102099392813138,"cg20073313"
0.0102098400410566,"cg25736982"
0.0102084260275944,"cg13735469"
0.0102080717908473,"cg08675364"
0.0102077870299372,"cg02524205"
0.0102060617646726,"cg02123734"
0.0102051916412832,"cg08045932"
0.0102036052723898,"cg07076816"
0.010198798270722,"cg15003763"
0.0101976417018148,"cg26754472"
0.0101970769766752,"cg12128839"
0.0101941224643023,"cg03482866"
0.0101902210893028,"cg18002480"
0.0101877368868071,"cg09185587"
0.0101872618519603,"cg23502204"
0.0101835041772278,"cg14598478"
0.0101747935623216,"cg04480106"
0.010174326664483,"cg06871764"
0.0101708658544722,"cg08762603"
0.010162946222284,"cg05775862"
0.0101613864047783,"cg10218876"
0.0101594409013798,"cg14280181"
0.0101566016220462,"cg11685316"
0.0101565872515031,"cg21735741"
0.0101537564882577,"cg20684491"
0.010152151002451,"cg16602316"
0.0101502002346039,"cg08960815"
0.01014834953059,"cg03604322"
0.0101468396409876,"cg23322161"
0.0101464590051594,"cg09748975"
0.0101463334508959,"cg03051742"
0.0101446711890939,"cg16784985"
0.0101394843408613,"cg21929183"
0.0101389036437269,"cg16338365"
0.0101362888099897,"cg03463411"
0.0101346734545978,"cg04715503"
0.0101344205789355,"cg22753661"
0.0101310339095443,"cg06468385"
0.0101285912418668,"cg03443676"
0.0101285888018564,"cg00878163"
0.0101268667560901,"cg00530438"
0.0101266021414192,"cg11941920"
0.0101245816847322,"cg27258561"
0.0101226195665092,"cg19904058"
0.0101223149195197,"cg15988970"
0.0101173609968501,"cg16813187"
0.0101159939766476,"cg24287362"
0.0101130649349749,"cg00291366"
0.0101083487452622,"cg07093428"
0.0101080675770076,"cg12765123"
0.0101020510693533,"cg11575295"
0.0100998125675262,"cg27145048"
0.0100959487293317,"cg17485717"
0.0100943943038301,"cg20360395"
0.0100902516218818,"cg09508496"
0.0100870650898346,"cg00784671"
0.0100767003052867,"cg20563666"
0.0100747063996023,"cg09482050"
0.0100711151195756,"cg20703997"
0.0100652116384096,"cg01286685"
0.010054275181444,"cg15111469"
0.0100477297081491,"cg03357999"
0.01004067203737,"cg05283992"
0.0100403814529843,"cg26373733"
0.0100399606210229,"cg18888461"
0.010037844752467,"cg09015433"
0.0100376374233132,"cg17069313"
0.0100371153711363,"cg08937639"
0.0100355503261843,"cg12334488"
0.0100353787389392,"cg22717378"
0.0100347500517343,"cg08877521"
0.0100323712248579,"cg01299579"
0.0100315099178836,"cg26320663"
0.0100280288026578,"cg24718722"
0.0100276071546508,"cg15614872"
0.0100233092020286,"cg17794299"
0.0100213624538139,"cg15671450"
0.0100207916709574,"cg09652312"
0.010019417639375,"cg21188533"
0.0100172392667137,"cg01310397"
0.0100171527078922,"cg05294813"
0.0100161494691598,"cg20380214"
0.0100153077116105,"cg06833981"
0.0100149845958221,"cg20631714"
0.0100103384283752,"cg02860705"
0.0100100748540093,"cg26331135"
0.0100085835971448,"cg04790977"
0.0100039796100015,"cg23795048"
0.0100022426817026,"cg25125450"
0.00999862271418165,"cg07363697"
0.00999782148575218,"cg13293535"
0.00999168217943166,"cg22757362"
0.00999153177077178,"cg12440927"
0.00998722105088353,"cg23168520"
0.00998710224371034,"cg10411590"
0.00998680882841871,"cg09428340"
0.00998627942684963,"cg25597117"
0.00998343363052235,"cg11519983"
0.0099818760220083,"cg13641043"
0.00998102280415761,"cg24487372"
0.00998099421207748,"cg00520378"
0.00998082479150043,"cg17827650"
0.00998066566469494,"cg19340941"
0.00998047572659804,"cg25602718"
0.00997791231853228,"cg11234688"
0.00997115872954613,"cg03337057"
0.0099703990920599,"cg21743826"
0.00996588973870288,"cg24723561"
0.00996314206344669,"cg10605084"
0.00996234060105044,"cg02662417"
0.00996223833880981,"cg24654266"
0.00996010645757781,"cg23023844"
0.00995819093680043,"cg16680214"
0.00995656658826962,"cg12414174"
0.0099558409211574,"cg15247329"
0.00995465537553471,"cg26537272"
0.00994731363402295,"cg20791291"
0.00994600666344728,"cg22997113"
0.00994409847013236,"cg07622957"
0.00994388585583503,"cg08378830"
0.00994298369895478,"cg18593317"
0.00994120848633956,"cg06771126"
0.00993961739862489,"cg23195763"
0.00993823302487746,"cg20568497"
0.00993723721534634,"cg04117972"
0.00993526485482215,"cg20909645"
0.00993429382799323,"cg17524265"
0.00993400584644963,"cg11322797"
0.00993376682661123,"cg12847536"
0.00993286504780922,"cg05592035"
0.00993021569844206,"cg12758973"
0.00992738696974569,"cg21306988"
0.0099257848305203,"cg17221584"
0.00992472513553432,"cg00256231"
0.00992451754425114,"cg17889682"
0.00991762276625881,"cg02577267"
0.00991553073077502,"cg15830864"
0.00991369069431601,"cg19053046"
0.00991078990974591,"cg15671317"
0.00990995627822472,"cg27469738"
0.00990662407754011,"cg04517722"
0.00990639195565409,"cg00935887"
0.00990572156634688,"cg10213542"
0.00990188697599327,"cg19269426"
0.0099014857956497,"cg06602086"
0.0098998154694332,"cg03809847"
0.00989848585304444,"cg27097438"
0.00989477198306869,"cg08112929"
0.00989382131747278,"cg08610426"
0.00988816581641925,"cg25423077"
0.0098873993263301,"cg05030553"
0.00988551322888089,"cg09132376"
0.00988541393254268,"cg13526248"
0.00988333237549169,"cg06730848"
0.00988237603828118,"cg26700447"
0.00987956757916458,"cg12262378"
0.00987886804973196,"cg07064495"
0.00987847290106029,"cg04553112"
0.00987847168569584,"cg00910107"
0.00987640487505727,"cg17569124"
0.00987574866099667,"cg13392078"
0.00986955137514243,"cg07135405"
0.00986657560594589,"cg11811828"
0.00986477333930023,"cg02023728"
0.00986293924454988,"cg10208897"
0.00986273438983042,"cg18657389"
0.00986236963281477,"cg05554000"
0.00986176025599293,"cg21191514"
0.00985892914861621,"cg23106045"
0.00985792900485116,"cg17479576"
0.0098567254156082,"cg00601450"
0.00985563738628664,"cg18713687"
0.00985493945312291,"cg19684207"
0.00985064985925033,"cg06953130"
0.00984993584835182,"cg26262573"
0.00984351594572242,"cg12463578"
0.00984023646078079,"cg02167713"
0.00984012616151593,"cg08357436"
0.00983908392136923,"cg13786083"
0.00983875096866063,"cg25423573"
0.00983837722528743,"cg10785373"
0.00983756074191665,"cg20130571"
0.00983328937347749,"cg11401394"
0.00983278771242188,"cg03936135"
0.00983260033844204,"cg09974661"
0.00982824539999545,"cg14554415"
0.00982660778070573,"cg00012362"
0.00982584700326281,"cg12210914"
0.00982508667074989,"cg07179000"
0.00982344661501994,"cg08479752"
0.00982196687079549,"cg04588336"
0.00981920721605823,"cg13393721"
0.00981801554386584,"cg17910899"
0.00981473558578961,"cg27192248"
0.0098136842057126,"cg01993818"
0.00981302462140432,"cg26718213"
0.00981175841494342,"cg25866552"
0.00980533328224414,"cg13941682"
0.00980355394381706,"cg18363918"
0.00980231079035818,"cg05468156"
0.00980198485896318,"cg10708189"
0.00980023036780115,"cg26744682"
0.00979803763660229,"cg23936410"
0.00979611651543286,"cg11166453"
0.00978961093857272,"cg11671265"
0.00978760809985612,"cg05731801"
0.00978448621375498,"cg16786756"
0.00978283904596802,"cg16569937"
0.00978112949900234,"cg00303541"
0.00977972344994992,"cg03102494"
0.00977917097288799,"cg26734888"
0.00977810865945235,"cg00191853"
0.0097776281433727,"cg14187293"
0.00977561042740997,"cg18007837"
0.009773205291555,"cg18815398"
0.00977294829240865,"cg07772904"
0.00976969266760205,"cg24998527"
0.00976599757221804,"cg14866032"
0.00976550884582709,"cg10622551"
0.00976001526543479,"cg07673020"
0.00975608401781127,"cg19757535"
0.00975377571528563,"cg16289175"
0.00975234372620663,"cg04306507"
0.0097515230778955,"cg13266496"
0.00974697442441022,"cg22762992"
0.00974236835661623,"cg10857441"
0.00974107245232023,"cg23467079"
0.00974097183218289,"cg10001720"
0.00974046816581003,"cg22471075"
0.00973987479980066,"cg12156287"
0.00973866730281732,"cg24213669"
0.00973860507160882,"cg22507154"
0.00973800032721295,"cg01695532"
0.00973785778364121,"cg15245556"
0.00973198299740546,"cg17884856"
0.00973143380008411,"cg17638213"
0.00972774890890012,"cg14027288"
0.00972363923680587,"cg27387030"
0.00972288790754068,"cg10667338"
0.00972258049205019,"cg25456020"
0.00972170690049009,"cg26651782"
0.00972096260981963,"cg19684190"
0.00971999533826747,"cg12541534"
0.00971765928307312,"cg08631502"
0.00971505604714372,"cg02151632"
0.00971423067417619,"cg26834418"
0.0097116004750593,"cg27514038"
0.00970995343102297,"cg01353941"
